filename,mean_choice,median_choice,number_of_responses,variance
3c53d76a667ce93ac503dcf623fb07.png,2.5714285714285716,3.0,7,1.6190476190476193
5883bea1b1fba95ac6ee6ef9f29ded.jpeg,3.2857142857142856,4.0,7,1.9047619047619042
cbd2b56b020234284040647e2382d6.png,2.7142857142857144,3.0,7,2.2380952380952377
8ae158267a165feef04835a9784bc8.jpeg,2.0,2.0,7,1.3333333333333333
003d4cabeba8a4fe9530a8ab0ce4bd.jpeg,2.4285714285714284,3.0,7,1.2857142857142858
11101179504e3893d2e9e05c5bff06.jpeg,3.142857142857143,4.0,7,1.4761904761904763
cebbc2b35554decd664c41614fef43.jpeg,3.0,3.0,7,2.3333333333333335
174c030bd7c811f277985cb618c660.png,2.0,2.0,7,0.6666666666666666
c1fadaf19b07c2f436ddc6e1e4a3b8.png,2.7142857142857144,3.0,7,0.9047619047619048
3255efc4586b789a8ed703f4beebfa.jpeg,2.7142857142857144,3.0,7,0.9047619047619048
8c2f6d466072794ef9f7f17e35843d.png,2.3,2.0,10,1.3444444444444443
80c74c001f299062312e0f2feed340.png,2.5,2.5,10,2.2777777777777777
27b6a99a0e62e1a3eecc0ddb598455.png,1.7,1.5,10,0.6777777777777778
7580771443524a3302a5c9572daaa2.png,2.3,3.0,10,1.3444444444444443
4539ec3fabe8abca98b7e90f37bbe1.png,2.6,3.0,10,2.266666666666667
fe7ef94863adc3160308cdb07d563f.jpeg,1.9,1.0,10,1.6555555555555554
0446f2eaba6ae3df4062a1d088bc6c.jpeg,1.8,1.0,10,1.288888888888889
f9100a17f9a78338559c4b120f8f5e.jpeg,1.8,1.5,10,1.0666666666666669
3533d5b0bf86980648e183c5e69f9a.jpeg,1.4,1.0,10,0.48888888888888893
2e14c00a4211a45f994d84b9c4e453.png,2.2,2.0,10,1.7333333333333332
c42317ad177fd966cfce2f735f34c4.png,2.2222222222222223,3.0,9,1.4444444444444444
ee3334e134d4f728ef7977d8726a6c.png,2.4444444444444446,3.0,9,2.0277777777777777
e221fa46873999d2bc9363d19df18f.jpeg,2.4444444444444446,3.0,9,1.5277777777777777
32268feaa59958775d1ed8bc12e44f.png,1.8888888888888888,1.0,9,1.3611111111111112
e2b1ef0f63590e82bc5ec130fe4579.png,2.0,2.0,9,0.75
54e2484701c5f1cb8a137765d550f0.png,2.2222222222222223,3.0,9,0.9444444444444444
85be38c20bc4705cb66315f0d76375.png,1.7777777777777777,1.0,9,0.9444444444444444
c1baf9115cf031c00512ebda0efb4b.png,2.111111111111111,2.0,9,1.3611111111111112
88b5d607387ff82c107c4fdac84753.png,2.5555555555555554,3.0,9,2.0277777777777777
922e2d4184cd2fd87667b4ad141325.png,1.6666666666666667,1.0,9,1.0
bae68588cfc974291443b77ecbfd74.png,1.5,1.0,10,0.9444444444444444
2632a6251a59b3dcab1bd986c4fd79.png,1.3,1.0,10,0.23333333333333328
92a9c16af08eb7e8c0ad7ed4e523b6.jpeg,3.2,3.0,10,1.511111111111111
99f25a64895acdaa353351f19c873b.jpeg,2.4,2.5,10,1.3777777777777778
ba9bd7395d656b580c43fbc5319302.png,2.5,3.0,10,0.9444444444444444
1946b29b63ab041ea02c85ab6458b4.jpeg,2.3,2.0,10,0.8999999999999999
c211969e796363feedcbab233b81be.jpeg,2.6,3.0,10,1.8222222222222224
bc084670935d7d331490d13b129024.png,2.5,2.5,10,1.3888888888888888
451443ae15edfc21dae186854f0a13.png,2.3,2.5,10,1.1222222222222222
5b3b6d2cc1636d3dd1a923ee75f86a.jpeg,2.6,2.5,10,2.0444444444444447
707572328f82f46068be691608c3ef.png,2.4444444444444446,2.0,9,1.2777777777777777
5bd6731417ce4f1242a767d3c612c9.jpeg,2.3333333333333335,2.0,9,1.0
3c75ed77b1bfe3d434c07d81f23893.jpeg,2.2222222222222223,2.0,9,0.9444444444444445
d6e8930d8ea24a893a5916894523cf.jpeg,2.4444444444444446,3.0,9,1.0277777777777777
0dfa3e2009e52e79f47342bf6847fc.jpeg,2.2222222222222223,2.0,9,0.9444444444444445
184def23cef05f1decf67918433d20.png,1.8888888888888888,2.0,9,0.8611111111111112
854541120fa24c03a541466ee02ae5.jpeg,2.3333333333333335,2.0,9,1.0
4634b12a95df41bacdb25a9c5a8f93.png,2.7777777777777777,3.0,9,1.4444444444444446
0ce6a324827a9a58ba1490a5f5cb8e.jpeg,3.111111111111111,3.0,9,2.361111111111111
4ea2828e6e84e47408bbeacd61aa7b.png,1.8888888888888888,2.0,9,1.1111111111111112
fd0b6b6a43139ef39377793fad87cb.jpeg,2.0,1.5,12,1.2727272727272727
084c97c751bf52867c7f0acf9fa842.jpeg,2.1666666666666665,2.0,12,1.424242424242424
55d5170efffbf8dcb6119ea87e25ea.png,1.3333333333333333,1.0,12,0.24242424242424246
edf0b16c88e67a58744274847ac729.jpeg,1.9166666666666667,1.5,12,1.174242424242424
d749276a1ed213cd0ccc08499fcea7.png,1.9166666666666667,1.5,12,1.5378787878787876
f465bee73d7e66aa40b8703cee1039.png,1.5,1.0,12,1.5454545454545454
209612f1b9b602cb8b7a4f1ceff356.png,2.25,2.5,12,1.4772727272727273
aef03431029466a7b01614ae672b00.jpeg,2.3333333333333335,2.5,12,1.878787878787879
50c8f35d473e1fd423f59f8ab6330d.jpeg,2.3333333333333335,2.0,12,1.515151515151515
e86d9e3be89b9b66ea3d283c84dfc0.jpeg,2.1666666666666665,2.0,12,1.4242424242424245
2a447981915fff5cfd696122394f52.jpeg,2.4,2.0,10,1.8222222222222224
84ac449134f149490da25bff089196.jpeg,2.4,2.0,10,1.6
b6f4b13eb489048cdcbcf7bb9702f6.jpeg,2.0,1.0,10,2.6666666666666665
8ab21134ba54fdd485ff35149d6043.jpeg,2.8,3.0,10,1.511111111111111
0426b6006c722dbd0b706cf600c380.jpeg,2.2,2.5,10,1.288888888888889
dd6322978404fd9661f11be0897dd0.jpeg,2.0,2.0,10,0.8888888888888888
ad78853f145c989a69cfaf87758740.png,1.7,1.5,10,0.6777777777777778
f5b9f800a628e8999fda40458fe7b6.png,2.9,3.0,10,1.6555555555555557
28bc67d28a9de6255830c7ff4bb6dc.png,2.5,3.0,10,1.8333333333333333
3dbac9eb5f4e04ca088287be8f9109.jpeg,2.1,2.0,10,0.9888888888888889
b40117dc7336fcea34a5480855d56f.png,1.9090909090909092,2.0,11,0.6909090909090908
9caf9bb5254b0ebd7046a66f65d0db.png,2.090909090909091,1.0,11,2.8909090909090907
58bcea0859a04ef2e66d9fbeead488.png,2.090909090909091,2.0,11,1.0909090909090908
c9c0a62fd344c976f2624462cdc223.jpeg,2.4545454545454546,3.0,11,0.6727272727272726
826ba20b6e010fd948ab7ed2b1f82f.png,1.8181818181818181,1.0,11,1.5636363636363635
0e6620ec29c289da3ee1e99ed042e4.png,2.090909090909091,2.0,11,0.8909090909090909
afc2f0a41e5dc47638a79d26374544.png,1.6363636363636365,2.0,11,0.4545454545454545
cc41cc53e27c0384e9d7274d240c50.jpeg,2.727272727272727,3.0,11,1.618181818181818
b52cf33d7fc20eb3047c419ffc45dd.jpeg,3.0,3.0,11,1.6
0fe1f8ee96b8538c3a1636793e38e8.png,1.9090909090909092,2.0,11,0.6909090909090908
40dfd66dc4d74f22086d5aec205aa6.jpeg,3.0,3.0,7,1.0
376d57c745a6508849fe5ccb11bed7.jpeg,3.142857142857143,4.0,7,1.4761904761904763
b5399109b7b76338ebff9b4c04f563.png,1.4285714285714286,1.0,7,0.2857142857142857
f1d265daabdc331f4dd7ab3463c8dd.png,2.2857142857142856,3.0,7,0.9047619047619048
01def17bd52d3e68232db26f812ffc.png,3.0,3.0,7,1.3333333333333333
1ee918d3a7735c61ed144c05f13017.jpeg,2.7142857142857144,3.0,7,2.904761904761905
be95815422bfd34fa380ecee3cab00.png,1.8571428571428572,2.0,7,1.1428571428571426
2c0cfbf8ad11dc5c708b682806fd67.jpeg,2.2857142857142856,3.0,7,1.5714285714285714
22da0a4a086875c74f7806d6440139.png,2.7142857142857144,3.0,7,1.2380952380952381
141ea6da89b844140e8669ca6751c3.png,2.857142857142857,3.0,7,2.4761904761904763
0bd1a476d72920ba2dc9ea15c4cc5c.png,1.6363636363636365,1.0,11,1.0545454545454542
ebcea5b22432b7a4f3f91b503ad326.png,2.727272727272727,3.0,11,1.8181818181818183
0cd442d13ed8a7507665bf30d16473.jpeg,2.272727272727273,2.0,11,1.8181818181818183
af9725c0ee84eb2e625d741ee9df0e.jpeg,2.0,1.0,11,1.8
30e0ecc702bcdc22907b4f1dd503ee.png,3.5454545454545454,4.0,11,1.672727272727273
fa7e566608b01aa84bc6a2fd0a37e2.png,2.909090909090909,3.0,11,1.690909090909091
381055b85e66e822ed00939a32733f.jpeg,1.9090909090909092,1.0,11,1.2909090909090908
cabd0b193f3e1fa748d76abeb1d23e.png,1.3636363636363635,1.0,11,1.4545454545454546
169bf6fffc2428b7efb7a7e97d6d89.png,2.4545454545454546,2.0,11,1.4727272727272727
648e85d02d338161e1fe2a5627b4b3.png,2.1818181818181817,2.0,11,1.5636363636363633
b8a5164846a0b223b2bb6b072b890a.png,1.8,1.0,10,2.8444444444444454
a8728ed1cd80f4e2e9bf09c52f26b5.jpeg,3.0,3.0,10,1.5555555555555556
551798e02b0be5bdacead0e9ea1d30.jpeg,2.0,2.0,10,1.5555555555555556
0baa84fc2931d46666e7392953bc92.jpeg,2.5,2.5,10,1.3888888888888888
3160ce839a66f032e59177adc25ce5.jpeg,2.1,2.0,10,1.877777777777778
86091e64db6e55a19bf7c72aaff403.jpeg,2.0,1.5,10,1.5555555555555556
f76c5db4cfa76da426a7289461f7ad.png,1.4,1.0,10,1.6000000000000003
044fad703e300476ca3f6dc81c4f4c.png,2.5,2.5,10,1.3888888888888888
51f4c1e1d7ba53aa132a81294deee9.png,1.8,1.5,10,1.5111111111111113
519d0f3e6ac89217ef4a4fa1e42d5b.png,2.2,2.0,10,1.511111111111111
de5a66360e4efb5a29016549103b4a.png,2.730769230769231,3.0,26,0.8446153846153845
3ac1805f29a84037ed7a3d672665f4.png,2.1923076923076925,2.0,26,1.2015384615384617
161ba8abdb33dfe2eb28edad2734a3.png,1.5384615384615385,1.0,26,0.6584615384615384
38f27a78e91dc55defed449a892c93.png,2.8076923076923075,3.0,26,0.7215384615384616
5c920d9f2fdaec3a769dcdefae3098.png,3.1538461538461537,3.0,26,1.4153846153846157
14a23a9012ad999f5c6dde62c5d292.png,1.8076923076923077,1.5,26,0.9615384615384616
32489968d73836f06d85577040de9f.jpeg,2.3461538461538463,2.0,26,2.2353846153846155
eb80cb294c39eb53a83dc74193a017.jpeg,2.4615384615384617,3.0,26,0.9784615384615384
4126761211e079ac9c8b3ba9b8cab8.jpeg,2.6538461538461537,3.0,26,1.3553846153846154
b130752c9ec72d311e469cff0907d7.jpeg,2.769230769230769,2.5,26,2.1846153846153844
0e15a2f5c98d6acd4d21bfd8dd3c13.png,2.6666666666666665,3.0,9,1.5
34d1da655611226f5b2feb895d03eb.jpeg,2.4444444444444446,3.0,9,1.2777777777777777
f0d40bcde034a72f187a372ce68ec9.jpeg,1.7777777777777777,1.0,9,1.6944444444444446
b8d1dcc7e5edd85197e93d5a647db4.png,2.5555555555555554,3.0,9,1.5277777777777777
a6fc82291e7a4ab654b22593f955c7.png,2.888888888888889,3.0,9,1.3611111111111112
128b0856a90fc252ad16da866e8fcd.jpeg,2.888888888888889,3.0,9,1.861111111111111
25c11cab1b8304949e01a6aa08c4f5.png,1.7777777777777777,1.0,9,2.4444444444444446
ddab9317a407d2a81d682688346baf.jpeg,3.0,3.0,9,2.0
9e60c332fc081568bd56db19f29f35.jpeg,2.6666666666666665,3.0,9,1.0
4b08392ac63e001e5ed2b726a99100.jpeg,3.111111111111111,3.0,9,2.111111111111111
9bd88b7138ab11f9aafe89dd891abd.png,1.875,1.0,8,2.125
c3baa5906a7edae411727a3105acc7.png,1.375,1.0,8,0.5535714285714286
46477bc03e39d093aab39f481471d1.png,1.625,2.0,8,0.26785714285714285
8ea8a7998d34abe697d1e56ef85a27.jpeg,1.875,1.5,8,1.2678571428571428
fbfbef65c4fb8b5a6dc283d622cdad.jpeg,2.875,3.0,8,2.982142857142857
a9be22cf7aeab19bfa147c64c6f184.jpeg,1.875,1.5,8,1.2678571428571428
3d7cf5dcebe04b3a3974d7647efb8d.png,1.0,1.0,8,0.0
608c80b5685b959897b2e4d7919e6d.png,1.375,1.0,8,0.26785714285714285
50bfd82c9f9d465e829c683b57ec19.jpeg,1.5,1.5,8,0.2857142857142857
cb96800a0af9ea418416fed8bef2d9.png,1.25,1.0,8,0.21428571428571427
65f4963e4c4cca9371baa9dd90a080.png,2.4,2.5,10,2.0444444444444443
5984e38445391c9a9961ef08ce1ee3.jpeg,3.5,3.0,10,1.6111111111111112
6c99270959528e13eedbcfc3ea2ede.jpeg,1.7,1.0,10,1.122222222222222
503d4c52e978d7526cff0412cace60.jpeg,2.9,3.0,10,0.9888888888888887
3e093fbe24fd5957f8e212ea0819cd.jpeg,3.6,3.5,10,0.48888888888888893
81b9aae43504eed449b1995648a161.png,1.8,2.0,10,0.4000000000000001
ec1b7a263b12c129bea1264d1a59dc.png,3.3,3.0,10,0.8999999999999999
b474a7fccb255458cd61936bc20584.jpeg,2.1,2.0,10,0.9888888888888892
ce5affba6ad8a8c0326cf92d61a18b.jpeg,1.9,1.0,10,1.6555555555555557
a467462f7c0f1750d1cbddecbe198a.png,1.9,1.0,10,2.3222222222222224
0641edd185fc890ccf352bde6e31b3.jpeg,2.5,2.5,10,1.6111111111111112
a0180a50ebfbaa74d8660bbdc7ef78.png,2.3,2.5,10,1.1222222222222222
854085406cd4eeb173bdd9e5cb2fa0.png,1.8,1.5,10,0.8444444444444444
6e108831fb57b75ddd21748269cf66.png,2.2,2.0,10,1.5111111111111113
8b18516a2cd77397f72c7bfd8af335.jpeg,2.6,2.5,10,2.0444444444444447
8cf6ff8a00e9b33cc9991a061a1bce.jpeg,2.3,2.0,10,1.3444444444444443
04941d4795159dedf9f1f20252c6dc.jpeg,2.7,3.0,10,2.011111111111111
1500be55d9a6ea5bc0e2d0d626d1bc.png,2.0,1.0,10,2.2222222222222223
f9325151ff293c7d6303aa811593b7.jpeg,2.7,2.5,10,1.788888888888889
0d12d817fd86269edff587ee47cec8.png,2.2,1.5,10,2.4000000000000004
cefced77130737df5abee418651ddf.png,2.625,2.5,8,1.125
19527595e6e3d169d4966e646cd9b5.png,2.5,3.0,8,0.8571428571428571
549094a995e551eb7ea19dbf86fc10.jpeg,1.375,1.0,8,0.26785714285714285
ed65a4cc97a54e15709c4b34faa150.png,1.25,1.0,8,0.5
8b75ed5fbdeb66f1f951da4e064ea7.png,1.5,1.5,8,0.2857142857142857
0f55dc2eba0c085a1d2c1de315d62c.jpeg,1.875,2.0,8,0.6964285714285714
5edf1da45f529809e20acdc3933b09.jpeg,2.375,2.0,8,0.8392857142857143
8185ba36ea6a9a7e3bc87f74c86600.jpeg,3.0,3.0,8,1.4285714285714286
ccf1a2773cb5a70a4094a3ee80531d.jpeg,2.625,3.0,8,0.5535714285714286
e75cb9bb472d7799112109aed3141f.png,1.75,1.5,8,0.7857142857142857
5a7819539fda59dde1137e24c38a3a.jpeg,2.0,1.0,9,2.0
2ce249a457c5522f8b99bcbc9107f0.png,2.111111111111111,2.0,9,1.3611111111111112
6455661879be1f4f9cfe5d93dc9556.png,1.4444444444444444,1.0,9,0.2777777777777778
9c4f0deb8c346a239350a453583945.jpeg,2.7777777777777777,3.0,9,1.6944444444444446
b6abbc960e23248a1e244929b7e4a1.jpeg,2.5555555555555554,2.0,9,2.2777777777777777
147730654b1ebdfa97794dc416549c.jpeg,2.888888888888889,3.0,9,1.8611111111111112
cd88713b527ba7ce47813d6b8f8c39.jpeg,2.6666666666666665,3.0,9,1.25
65a07c193e93323a96a16afceb3c8e.png,2.0,2.0,9,0.75
8f08a0a160e5db7c4c9401fbe3ffa3.jpeg,2.5555555555555554,3.0,9,1.0277777777777777
5213628f0f816f338de40f8c8bb190.png,2.0,2.0,9,1.75
b056aea57e9e76db3e16dbee1e623d.jpeg,2.0,1.5,10,1.7777777777777777
b5743395cb4722a6bf23f474330ce2.jpeg,1.8,1.0,10,1.288888888888889
6f650a335aa3a1db40c5fa9165990c.jpeg,2.0,2.0,10,1.1111111111111112
1ef2014cf07548b8ac84bf52ad362c.jpeg,1.9,1.0,10,1.6555555555555557
1b424115fc6bb62ccf5cdda429bb49.png,1.8,1.0,10,1.288888888888889
1d770450d9accb2ec62e5da9559041.png,1.8,1.0,10,1.7333333333333334
d224acc912d8494ff24a16f857758f.png,1.6,1.5,10,0.48888888888888893
56720342b43d5519b38d0f1c200e24.jpeg,1.8,1.5,10,0.8444444444444444
4c0cc873d9839ae68176638d835e39.png,1.3,1.0,10,0.23333333333333328
d981907aab213f645929b48c31e564.jpeg,1.9,1.0,10,1.6555555555555557
63082b1df9b6868bb70a9b3c1ac902.jpeg,2.3333333333333335,3.0,9,1.25
fd409a9775862d24c7d943c743c47b.png,2.2222222222222223,2.0,9,0.9444444444444445
736cd00ca5515eb169a2d0de57501e.png,2.0,2.0,9,0.75
aeb352556bb11b7a08d4b83db865dc.png,2.111111111111111,2.0,9,1.611111111111111
617797d14811dba214cd3f68081ceb.png,2.0,2.0,9,0.75
5041d612add205c12bdca870c3a53f.png,1.7777777777777777,1.0,9,1.9444444444444444
d8c36dd04c8fa635f8553ef63def9d.png,1.8888888888888888,2.0,9,1.1111111111111112
331fa9571d49e6fe53ceff570da827.png,3.0,3.0,9,1.75
79644c6d6ef481d612176f2fd67a65.jpeg,2.7777777777777777,3.0,9,1.9444444444444446
0a00b236f50bcd410769210b27d3a1.png,1.2222222222222223,1.0,9,0.19444444444444442
236286e56cb4c55e738c9a512150e1.png,2.3333333333333335,1.0,9,3.25
64d14885bbe41e89c0c9acf1ae3f4a.jpeg,2.2222222222222223,3.0,9,0.9444444444444444
8cc7043686471c5ea39c15c27a201d.jpeg,3.0,3.0,9,2.75
c2c2cd585a32afd0821ce2b02d3b9e.png,2.5555555555555554,3.0,9,2.0277777777777777
a572f5d618f6056472952f959adf4e.jpeg,2.111111111111111,1.0,9,2.8611111111111107
adefb173e8adb325236db223366fe4.jpeg,2.888888888888889,3.0,9,1.8611111111111112
616d71ff20e4fc0022488957932b9a.jpeg,2.7777777777777777,3.0,9,0.9444444444444445
02a2c272694e41e76b80aae83aca0f.jpeg,2.7777777777777777,3.0,9,0.9444444444444445
54af4b5e86920127148bb2b530365d.png,2.5555555555555554,3.0,9,1.0277777777777777
28bdce7795afb4552cd8c398c1c9a1.jpeg,1.8888888888888888,2.0,9,0.8611111111111112
0376e2dc70d03ba7ccd8ac6503bc50.png,1.368421052631579,1.0,19,0.9122807017543858
a7fc93f37c274d09a3095ac6729aa4.png,2.1052631578947367,2.0,19,0.9883040935672514
1f771f2630275b41779e9df57d8621.jpeg,2.210526315789474,2.0,19,1.1754385964912282
9e04549d16d437bb8ece74c24871b2.jpeg,2.3684210526315788,2.0,19,1.6900584795321638
437f7d46d86ecd3805820086fad1b5.png,2.4210526315789473,2.0,19,1.368421052631579
cb9b892e04be63bd14210f78169c48.png,2.1578947368421053,2.0,19,1.3625730994152048
6ec3afc1478c275288ac9f0b9fc4da.png,2.6315789473684212,3.0,19,2.2456140350877196
d5928353d8ebcdd80368935e37b829.png,1.4210526315789473,1.0,19,0.368421052631579
b81930e6ebc68408cb56ec7d33b629.png,1.368421052631579,1.0,19,0.35672514619883045
8fd933f5e9ac06abd2711699a86176.jpeg,1.5789473684210527,1.0,19,0.5906432748538011
36ed1cfcb93d356236c66f476b2359.jpeg,1.7777777777777777,2.0,9,0.6944444444444444
00cde80ff40ed6418c7839b307c9d9.png,2.4444444444444446,3.0,9,0.7777777777777777
48bd6d49101d9160694499a70e6600.jpeg,1.7777777777777777,1.0,9,1.9444444444444444
f2dbfe1b49a83a35896cae9ade0fa8.jpeg,2.2222222222222223,2.0,9,0.4444444444444444
83e01ff5c185ff58e23153124cb23d.jpeg,1.6666666666666667,1.0,9,1.7499999999999998
d2695f4d4872b1cf170e513a705e10.jpeg,2.0,2.0,9,1.0
615bfeb76d1acf0de261b5f1bdfc60.png,2.5555555555555554,3.0,9,1.2777777777777777
b54a9eb6f81ea266809ca53f47f499.jpeg,2.7777777777777777,3.0,9,0.9444444444444444
ce5d89a9d47be8e236455161af1ebd.jpeg,2.888888888888889,3.0,9,0.6111111111111112
af9335c1e7a965eae3295628fe4060.jpeg,1.8888888888888888,2.0,9,1.611111111111111
0f4e94b7a892603ef62b991517ecb4.jpeg,1.5,1.0,10,0.5
c1c058f973ee577ee29a9112210dff.png,2.7,3.0,10,2.011111111111111
0a48893bade921c8d77b384283c519.jpeg,2.5,3.0,10,1.1666666666666667
954a37c8dc50ca50bac8de2fa07b6b.jpeg,3.1,3.5,10,1.4333333333333331
f2465ccd1b3c44b97337e0bc40e612.jpeg,2.0,2.0,10,0.8888888888888888
883543994dea1e51fbee15761e50df.png,2.7,3.0,10,1.1222222222222222
d8faf5dbda6713124612eef3432cb9.png,1.4,1.0,10,1.6000000000000003
3c9c2de185ea4f5c05709c15ed4519.jpeg,2.5,3.0,10,0.9444444444444444
d3e11bb3df7b5d9f4bb97d9b0a71a0.jpeg,2.2,2.0,10,1.0666666666666669
8e9565c0bac4c65fe357afc26062ed.jpeg,2.4,2.0,10,1.1555555555555554
164b661274b7702c39ad2610c85d51.jpeg,2.2,2.0,10,1.7333333333333334
e1c5266b89d832fe14e282779f4166.png,1.3,1.0,10,0.23333333333333328
d0c48953e58b34f08c54a2da6acbea.jpeg,2.3,2.5,10,1.5666666666666667
0719b9cc2b513075373c5cb5c5df4e.png,1.5,1.0,10,1.1666666666666667
cb8f2eacef66ff1deef623d85f327b.jpeg,2.2,2.0,10,1.511111111111111
99e6a7f88a7529853a1ba44f365ad3.jpeg,2.4,2.5,10,1.3777777777777778
9687fcfbb572f9cefb2aac1885e3f3.png,2.0,2.0,10,0.8888888888888888
2c49ecbf6b5b3c52d17dba383130a7.png,1.7,1.5,10,0.6777777777777778
511731bb05b7b3c1e552e63f3633fe.png,1.6,1.0,10,1.822222222222222
22c1459cb832338f57807dcb1581ff.jpeg,2.1,2.0,10,0.9888888888888889
2cc25aaf605dc9f2ec8ce111c1f4d8.png,2.2222222222222223,2.0,9,1.1944444444444444
71d2e6655cfedde928975385656161.png,2.2222222222222223,2.0,9,2.1944444444444446
48bc6ad785238b0c6ceca904f84764.png,1.2222222222222223,1.0,9,0.19444444444444442
ec1b0d8bed0830f19cbc8a96a6f0c4.png,2.111111111111111,2.0,9,1.1111111111111112
4c88914ffcf9ddc45cc90ea2eb53d1.png,1.4444444444444444,1.0,9,0.2777777777777778
7c8dc9ebd1fdf127aa845ed75b71ea.jpeg,2.0,2.0,9,1.0
988efc9b4ac0811d68abc33479cddd.png,2.4444444444444446,3.0,9,1.7777777777777777
27e7bf4da31834081fb5d185c43637.jpeg,2.5555555555555554,2.0,9,1.7777777777777777
b6699891a2a570d0285e5b425d69d6.jpeg,1.6666666666666667,2.0,9,0.5
8e2ba665b18a26928a1b9c3baa3ce3.jpeg,2.111111111111111,1.0,9,2.361111111111111
00888e0c3a0e51d9b59548d45d4d8a.jpeg,2.3333333333333335,3.0,9,1.0
f914eb7a2153a751e29115b55d06ca.png,1.7777777777777777,1.0,9,1.9444444444444444
053254508c3d1932788f884381b518.png,2.111111111111111,2.0,9,1.3611111111111112
aec086efe687ff8fc204c8a9d52106.png,1.8888888888888888,1.0,9,1.8611111111111112
105976654f9b49bfcdb9fa9ef6a2d6.jpeg,2.0,1.0,9,2.0
6d3c311f93042333f4f60fa80ac76f.jpeg,2.3333333333333335,3.0,9,2.0
3093492f4c0a80f64d63b079dfee33.png,2.5555555555555554,3.0,9,1.0277777777777777
a5df12e3732138a302742beedbdecc.png,2.888888888888889,3.0,9,1.6111111111111112
1ab444d105457f939d69bd98a7f913.png,2.2222222222222223,2.0,9,1.6944444444444444
56634be1dd123eaa953c09dc1f8f3d.jpeg,2.5555555555555554,2.0,9,3.0277777777777777
b6b8f055918c7d6146714f8747c67f.png,1.8888888888888888,1.0,9,1.3611111111111112
c1f2c4403cbc4e625a44a36cd17418.png,2.3333333333333335,2.0,9,2.25
731ceb5f793e1a24c2227ef0f6a51e.jpeg,3.0,3.0,9,2.25
eb38155412bd64005c2c1af0f597af.png,2.4444444444444446,2.0,9,2.0277777777777777
632b17cc252f34d0aa09116967cda8.jpeg,3.111111111111111,4.0,9,4.111111111111111
16c20163d2b753be31e704a7f58f29.jpeg,2.7777777777777777,3.0,9,3.1944444444444446
ae3fd1642d8b8008999ef5a0872294.jpeg,2.3333333333333335,3.0,9,1.0
627ab5bf56548d9ac322687e461cee.png,2.111111111111111,2.0,9,0.8611111111111112
074b5bccbdf33a87ed775f4377bcca.jpeg,2.3333333333333335,2.0,9,2.0
e7e5258db676b8471602542b282312.jpeg,2.4444444444444446,3.0,9,1.5277777777777777
558c1d6f94405319bd485ebd894a4b.png,1.5555555555555556,1.0,9,1.027777777777778
e7c331803f075d54fd70d87a7d00b9.jpeg,1.4444444444444444,1.0,9,0.2777777777777778
642bec580b661ab638f0be89356a07.png,1.5555555555555556,1.0,9,1.7777777777777783
b31340af9959900ed76cc79967df0f.png,1.5555555555555556,1.0,9,0.5277777777777778
0ea13e62914289af01319842b7b37b.png,2.3333333333333335,2.0,9,2.25
93d0427bc855bf1e041e8de2e19cb0.jpeg,1.6666666666666667,1.0,9,0.75
fa144e7e44c7b3a0c4b0378fa0aa74.jpeg,1.2222222222222223,1.0,9,0.19444444444444442
8202f1cc5b712a70d5e5e67341670f.jpeg,1.5555555555555556,1.0,9,0.7777777777777779
e8df5cf67d5605f96522e6a679248d.png,1.8888888888888888,2.0,9,1.1111111111111112
77881244aeb53949594f521431304e.jpeg,2.111111111111111,2.0,9,1.3611111111111112
7bdeac0801f069379d338147efac37.png,2.4,2.0,10,1.822222222222222
81cd824dbc67c3367d7177cb0b1795.jpeg,2.2,2.0,10,1.288888888888889
7ea0a4a8146e76f4ff437065d67ad8.jpeg,2.7,3.0,10,1.1222222222222222
a8f09f8006b61b582b32f91346ef59.png,2.1,2.0,10,0.9888888888888889
4c90b30cde6d5d0893f495befeee70.jpeg,2.8,3.0,10,1.288888888888889
4554b219b985b869d656b8b5593ae9.png,2.7,3.0,10,1.1222222222222222
c4505080fb6bb08eaa0419c67383e9.png,1.8,1.5,10,1.0666666666666669
069f8e9cb8715a4ee4bb783a16ee4d.png,2.5,2.5,10,2.2777777777777777
10adef7c4d4a24ff8ee2124c67c7ae.png,2.7,3.0,10,1.3444444444444443
d4db10c76e52642ca44e3934ead8f3.jpeg,2.8,3.0,10,1.511111111111111
e54587a2dea8fd2ef6839ec66ae8a2.png,1.9,1.0,10,2.1
50c6372a005f0fe2a8f7d64f9d2bd5.png,1.4,1.0,10,0.7111111111111112
86474c29ad3a445fc1c359bd83875f.png,1.1,1.0,10,0.09999999999999999
45b5966ad18884ba38e018d200871a.png,1.7,1.0,10,1.5666666666666667
664ed08606d71f5c46bd8db221f43c.jpeg,1.5,1.0,10,0.5
b812e59e757a9fcf0294bff88b26ce.jpeg,2.2,2.0,10,1.7333333333333334
e03a793e4ac99c628c491daa922260.jpeg,1.8,1.0,10,1.5111111111111113
fced7dbca0d40e51df4b89b54ee976.png,1.7,1.0,10,1.344444444444444
f9ac5a711f3278dfbd06abd368c0e3.jpeg,2.1,1.5,10,2.5444444444444447
2625b03d3665b350fcca5854b0fb2c.png,1.4,1.0,10,0.48888888888888893
cf295cc8d16924c7d156cb44778606.jpeg,2.7,3.0,10,2.677777777777778
2a3c6ce7a5e2d7c1bb43f8f331b7b1.jpeg,2.6,2.5,10,2.488888888888889
1de5724d8ba467a155c1d9d271ff86.png,2.1,2.5,10,0.9888888888888889
8cd5346d5b8c2b522ac76e2a7c90f7.png,1.7,1.0,10,1.7888888888888888
cdc072fab830688d5a332130df309e.jpeg,2.6,3.0,10,2.266666666666667
3150a6b83b071e64702296b45397fe.jpeg,1.4,1.0,10,0.7111111111111111
243cf5584ebf3873829877353ea8c2.jpeg,2.2,1.5,10,2.1777777777777776
d0f03b9a661b9007c92edb095c932c.jpeg,1.7,1.0,10,1.5666666666666667
e934bd680bd5e8835a63bd52b8c26a.jpeg,2.2,2.0,10,1.5111111111111108
a8d489d07cdfb0952b239dbbcf7095.jpeg,2.2,2.5,10,1.2888888888888888
02d4e7f43f34b704b1d838169ef47b.jpeg,2.6,3.0,10,2.2666666666666666
a0b7c728a7a3dd0aba76e35d4ba0bb.jpeg,2.0,1.0,10,2.2222222222222223
c8f7eb1451d3d85756da1720a6a6aa.png,2.0,2.0,10,1.1111111111111112
06fae8708ee304a70d9e66ea481f57.jpeg,2.4,2.5,10,1.822222222222222
f8540cb83c96dc389d05a637f3b083.jpeg,1.9,1.5,10,1.211111111111111
f4d762f4768264cc34564e28a612fc.jpeg,2.7,3.0,10,1.3444444444444443
51a570f54f3a2e400a12077833499f.jpeg,2.3,2.5,10,1.1222222222222222
28fdc4090ada6afa25694130d1b658.png,2.2,2.0,10,1.0666666666666669
d01b50e1510116bc0faa16dd036e24.png,2.6,3.0,10,1.6
c9b406abae6c105092858d2e69382e.jpeg,2.4,2.0,10,2.2666666666666666
27245fca5ba4fad08e261cf8a08632.png,1.7777777777777777,2.0,9,0.6944444444444444
4301c2fb21cb1f024cf7cb75d1be1e.jpeg,2.111111111111111,2.0,9,1.6111111111111112
459fdea587b385b29740ef723fd4e1.png,1.4444444444444444,1.0,9,1.7777777777777777
3adf8105b269c0fcf7663d6e674b6b.jpeg,1.7777777777777777,2.0,9,0.6944444444444444
53fe3b9a88dca209f7fcf7f5ca244e.jpeg,2.111111111111111,3.0,9,1.1111111111111112
7166d466656b10930f548e7f4a4841.png,1.3333333333333333,1.0,9,0.5
fe3c69ce9f08e0aa3d092e7ce77652.jpeg,2.4444444444444446,3.0,9,1.5277777777777777
c68753531a2fc9fa59046008dc2598.jpeg,1.6666666666666667,2.0,9,0.5
c7367852aac6f957b26f89f4b869cc.png,1.6666666666666667,2.0,9,0.25
3fafb90b9b4996b39c64e70ec3bc43.jpeg,2.3333333333333335,3.0,9,1.25
fdceda4590c03637e59343c25f8c06.png,1.6666666666666667,1.0,9,0.75
9416e326a7931fa154fdcd73297949.jpeg,1.8888888888888888,1.0,9,1.8611111111111112
a6315d61688413204798c35bd61bbf.jpeg,2.4444444444444446,1.0,9,3.2777777777777777
4f71b9e05babbbd2bcf56e7cf93934.png,1.7777777777777777,2.0,9,0.6944444444444444
a582bba6c000ee1d27c5679ac681f1.png,1.5555555555555556,1.0,9,1.7777777777777783
071246c0112739d1e15a2141e38e4b.png,1.5555555555555556,1.0,9,1.7777777777777783
eb5a3d08a4e894db835f0c0ae92599.jpeg,1.6666666666666667,1.0,9,1.2499999999999998
8ded9fcd4600d27c2716b1ef6877c1.jpeg,2.2222222222222223,1.0,9,2.694444444444444
d3bcf7913f0859b7835eba2b4d3e69.jpeg,2.111111111111111,1.0,9,2.361111111111111
c65513e1c473a0e2212cd21313f95d.jpeg,1.7777777777777777,1.0,9,1.4444444444444444
6c13743e4a104f27adf9cf2912aad5.png,1.7272727272727273,2.0,11,0.6181818181818183
8574a47286f8125d08ae95746a077a.png,2.0,1.0,11,1.8
6be50d37201991363d5f442b9db202.jpeg,2.0,2.0,11,1.8
2b541d851512198c77745247a053f2.jpeg,2.272727272727273,2.0,11,1.4181818181818184
2772e2258e89b7a808d39a07329089.png,1.2727272727272727,1.0,11,0.21818181818181817
d23bf4457a6c4d36afe2251afdabcc.png,1.7272727272727273,1.0,11,1.618181818181818
5c65a9d58eb6e4d5d51b46e7e41ed7.jpeg,2.090909090909091,2.0,11,0.6909090909090908
62564c143a77e5db9cfdd896040e63.png,2.1818181818181817,2.0,11,1.7636363636363632
c1313eb5b585f8e24e97310bf12dc2.png,1.7272727272727273,1.0,11,1.2181818181818183
db65fdcfede4f349c69ab22a871f17.jpeg,1.9090909090909092,1.0,11,1.2909090909090906
93bd89064cef6f175a50612da33564.jpeg,1.75,1.0,8,1.3571428571428572
aa36ae78e8b884ca7c8b842a6a9dae.png,1.5,1.0,8,0.5714285714285714
27627ba607d67f055cddf80d660bda.jpeg,2.25,2.5,8,1.3571428571428572
643a563bd7dd8394a96db4a18a4755.png,1.75,1.5,8,1.0714285714285714
39a9793bc7a90fd2aff3c6fe1137e1.png,2.625,2.5,8,2.5535714285714284
aaa62d914fa08de9b45c2f37e8f8fd.png,2.25,1.5,8,2.5
3dbcad2d30cd40fc67e7d309589c36.png,1.5,1.0,8,0.5714285714285714
715741f0d87435cf195eddca11c047.jpeg,2.375,2.5,8,1.6964285714285714
ef18d8bfe7b35209fd9ccfe8a0bf2a.png,2.375,2.0,8,1.6964285714285714
3151c5ea950654d6d08cc9e3241924.jpeg,2.375,2.5,8,1.6964285714285714
dd9857ade69d03e08a4377b5592818.png,1.8888888888888888,2.0,9,0.8611111111111112
46504ba62f8e2a3cfae706d00c0271.jpeg,2.4444444444444446,3.0,9,2.0277777777777777
516e500d2e464da7ae21d20b44dfc0.png,1.3333333333333333,1.0,9,0.5
925f5fb6304bb3509a374660d9df36.png,1.6666666666666667,1.0,9,0.7500000000000001
8960e37b5911835f01259f955df2bd.png,1.7777777777777777,1.0,9,1.1944444444444444
c75285175cb7a8768348b220ec1681.png,1.4444444444444444,1.0,9,1.0277777777777777
51b8b3c6e518d7ee14074165f0cc93.jpeg,2.3333333333333335,3.0,9,1.25
d77402453d9e6dc883040a5f3a583f.jpeg,1.6666666666666667,1.0,9,0.7500000000000001
843f05e5fe81ab5abc2bb8e0c60f74.jpeg,2.111111111111111,3.0,9,1.1111111111111112
10592658fa8d4566a5cd1b35587cad.png,2.111111111111111,2.0,9,1.3611111111111112
a432acaa11bc2edc2fbea6624b3cb1.jpeg,2.75,3.0,8,1.0714285714285714
5d224208f2b75a804eae66059148c7.jpeg,2.875,3.0,8,0.9821428571428571
999553ef0372067f5bceb82b845faa.png,2.125,2.0,8,1.2678571428571428
b5f06e0be2217cf35b81a3342c1ea0.jpeg,2.75,3.0,8,1.0714285714285714
c0f8a8152172c3a3d883b8207d6119.png,2.0,2.0,8,1.1428571428571428
93dcc3683e5ff412e1898def0b77eb.jpeg,2.625,3.0,8,1.4107142857142858
67f9c35824a06c40414bd5f1c97b29.png,1.875,2.0,8,0.6964285714285714
e578cc6f3629299a53009156225f81.jpeg,2.5,2.5,8,1.4285714285714286
43665133c7df35ae92a6d984915b1d.png,2.375,2.0,8,1.6964285714285714
639411313ffef6ed79fb39b241949f.png,2.0,2.0,8,1.1428571428571428
31739ddda03c15125868f61ea116c3.png,2.0,1.0,10,2.2222222222222223
e3a1aa9d7cf9d7320742cd0acc6327.jpeg,1.9,1.5,10,1.4333333333333331
09f2bd0bfad729bcbe1f269639a3b6.png,2.2,2.5,10,1.288888888888889
0f2b8cd7761db9e260835db65a8252.png,2.0,1.5,10,1.7777777777777777
b4174a3066b9cea27841852d8b4e2a.jpeg,2.2,2.5,10,1.288888888888889
a31a989ee473794adf86728c9ea8f8.jpeg,2.4,3.0,10,1.6
feec24c736e25ba805cc53aaccea5a.png,2.1,2.0,10,1.4333333333333333
ef9b11914417dee3325564daf96b73.png,1.3,1.0,10,0.23333333333333328
2471be677868e5c5ecb253ba8307e4.jpeg,1.8,1.0,10,2.1777777777777785
8befd73131ce66b842955a2a379106.jpeg,1.6,1.0,10,1.1555555555555557
49f08c496cd160041cf3089221b5bd.jpeg,2.2,2.0,10,0.8444444444444444
517b42f3256cb57c5b0715180be589.png,2.1,2.0,10,0.7666666666666666
9dd5186aeb4bb581eeb1751243b201.jpeg,2.9,3.0,10,0.7666666666666667
e98377cac8eeab553db645c0d0a470.jpeg,3.2,3.5,10,1.0666666666666667
71dd384231fa21d6fe8a98f5df1934.jpeg,3.7,4.0,10,1.5666666666666667
6a9685d08567c6db1786f7b7aa812a.png,3.1,3.5,10,1.4333333333333333
bbe7339c977ed9dbc3b9ed1556a4bc.jpeg,3.0,3.5,10,2.2222222222222223
ba6ff7d63c2ba68436b81fc8aa36a8.jpeg,2.9,3.0,10,1.4333333333333336
bd2ebd4eb3c6da944066627fceba1f.png,2.3,2.5,10,0.6777777777777777
99fc7223d672a29a84a63158571f12.png,2.6,2.5,10,2.0444444444444443
afc46e72f6e14a53ef27a751aa46b5.jpeg,2.6,3.0,10,1.6000000000000003
f0a55ee7048fe2d96ab206c3257fc2.jpeg,2.5,3.0,10,1.3888888888888888
89314a7da65c1ade9371c3378c0b7f.jpeg,1.9,2.0,10,0.5444444444444444
b412b2056d12a91a802b3d34873a70.png,2.3,2.5,10,0.6777777777777777
a502bd55c3ae5a30db6dac106c432b.png,1.3,1.0,10,0.23333333333333334
411096ef7bba5a0617a5bc9c553324.jpeg,2.2,2.0,10,0.8444444444444444
f134508938bac88bc356465183e6b0.jpeg,2.0,2.0,10,0.6666666666666666
2ebea57b89c47860a9ed3c8b64238f.jpeg,1.9,2.0,10,0.7666666666666666
dcbbcbdf32fb76c2024e6dd74e1ecb.png,1.6,1.0,10,1.1555555555555554
0e6bbf505bd7bd8ae9b20d9419f2ea.png,1.8,1.5,10,0.8444444444444446
1e00460d10c25b805362071e5bbc82.jpeg,2.8181818181818183,3.0,11,1.563636363636364
c3bf68bddcabc8d89871e05752db72.png,1.9090909090909092,2.0,11,0.6909090909090908
e348cb6bfd73a663a4856db35c4e1f.png,2.090909090909091,2.0,11,0.49090909090909085
7f4c1189c924fb5da010b4287070c2.png,2.727272727272727,3.0,11,1.018181818181818
87a7ce0e8a9b30e8a85197dce88c8f.png,2.3636363636363638,2.0,11,1.2545454545454544
fadea0ce91e32ae487acebf2f75db3.jpeg,2.6363636363636362,2.0,11,2.6545454545454543
004e4909613d891b7239297a17b408.jpeg,3.0,3.0,11,2.6
553444aab0059aa76348936e7153ec.png,1.0,1.0,11,0.0
e099e61fae35eac80dc410d96c09c1.jpeg,2.909090909090909,3.0,11,1.4909090909090907
81b0d7ff7a828e81261241ef5381ed.jpeg,2.727272727272727,3.0,11,1.418181818181818
04ba049e0120fff3d4aa8b8cbe6bbd.jpeg,1.7777777777777777,1.0,9,1.6944444444444444
b9d99240b9bcb68ca898779676bd78.png,1.8888888888888888,2.0,9,1.1111111111111112
2057b8996a939369cf808036036ff6.jpeg,2.3333333333333335,3.0,9,1.25
04809a782995d8edb269cdc9df4353.jpeg,1.7777777777777777,2.0,9,0.6944444444444444
603be71f41db32fa9460c58946ebee.jpeg,2.4444444444444446,3.0,9,0.5277777777777777
2ebcb39992cf3b4242e528c6785f71.jpeg,2.5555555555555554,3.0,9,1.7777777777777777
d8918390ca1d4150464675425600a1.jpeg,1.0,1.0,9,0.0
d49e2b15e085ca906c9f1c9d77a6ef.png,2.0,2.0,9,1.25
c6bac4158601f13ec536d9ddea082d.png,1.5555555555555556,1.0,9,0.5277777777777778
dc732d20962ee28d1ac3ec9ddbb71c.png,2.7777777777777777,3.0,9,2.1944444444444446
2d5d032f22e1529c613e23da2381e8.png,2.5454545454545454,3.0,11,1.2727272727272727
6cf487dee6fb284ae44511f3e3979f.png,1.1818181818181819,1.0,11,0.36363636363636365
aaa2ef5bebc7d0e7767d01b39164b0.png,1.9090909090909092,1.0,11,1.4909090909090907
1f472d43f7030529c11421abed1e67.jpeg,2.1818181818181817,2.0,11,1.5636363636363633
627a689e9de3f558edd5bf22e6afd8.png,2.0,2.0,11,1.4
1d27dc97ac2aeace4f97076258cced.png,2.3636363636363638,2.0,11,1.8545454545454543
5826b8bec8c20436d64324961d38dc.jpeg,2.727272727272727,3.0,11,1.2181818181818183
5540d2207b53d84c155f4b8cedd7e4.png,2.1818181818181817,2.0,11,0.7636363636363636
cd42a8d1fb82c266d05999f0936a25.jpeg,2.5454545454545454,3.0,11,1.0727272727272728
3e0ff4657fd82bda69b40c9a05eae9.png,3.0,3.0,11,1.4
6f7392174299351246e7dfba73d076.png,2.0,2.0,9,0.75
5293c7e723a19ba7db1c61ac5d7cec.jpeg,1.3333333333333333,1.0,9,1.0000000000000002
ee991a85e1587bd1701bbbe10c8370.jpeg,1.4444444444444444,1.0,9,0.5277777777777778
4e60513bee775a9e69ce5eaa157efa.png,1.8888888888888888,1.0,9,3.111111111111111
e3c478de050e11cd15434ea7ac5b87.png,1.6666666666666667,1.0,9,1.9999999999999998
f1d8261ac17ccd175f8fba9345a59c.jpeg,2.111111111111111,1.0,9,2.3611111111111116
c476c8b046e2c9192e017901f2523c.jpeg,2.2222222222222223,2.0,9,1.1944444444444444
88f6a402be173b67c1da57d085b423.jpeg,2.0,2.0,9,1.5
5cbea145407a28f08b1926f9379f65.png,1.7777777777777777,1.0,9,1.9444444444444444
8522fcab8bac53c97c56ca26f6bc45.jpeg,1.7777777777777777,1.0,9,0.9444444444444444
a90c59efe97ab3145e4892b619f3bd.png,1.8888888888888888,1.0,9,1.3611111111111112
f24f7befc652670e970020083e91e3.jpeg,2.111111111111111,1.0,9,2.3611111111111116
6b462a419bb794175ed1348d480500.jpeg,1.7777777777777777,1.0,9,0.9444444444444444
b1261d271479920461543b4d73a777.jpeg,1.6666666666666667,1.0,9,0.75
61b592e9a96c990c2be5e0a9caebd0.jpeg,1.4444444444444444,1.0,9,0.5277777777777778
6bc33a0cc0211c72bea859a718abc9.png,1.7777777777777777,2.0,9,0.4444444444444444
3179ab7d1794647e8e0862e414efa3.png,1.4444444444444444,1.0,9,0.2777777777777778
c8cc2bc9c2aabc1829d4e11f2cb894.png,1.3333333333333333,1.0,9,0.25
aeaf401adea9569c186bfe1e9a3c54.jpeg,1.5555555555555556,2.0,9,0.2777777777777778
c719fbc0e0ac0ebcb4a42eb948abf4.png,1.0,1.0,9,0.0
f484473a5b1bc06f59b5f21da09da9.png,2.6666666666666665,3.0,9,1.5
d1c774eea96daba2fc32bda686fa73.jpeg,2.4444444444444446,2.0,9,0.7777777777777777
8c34bafd76115238ebb98c917c41f0.png,2.111111111111111,2.0,9,1.6111111111111112
816652c07ac9de6d1a27d10875856d.jpeg,2.5555555555555554,2.0,9,2.2777777777777777
a7a25b4b0a0da27e17124017124348.jpeg,3.4444444444444446,4.0,9,1.2777777777777777
4483a9beaa6d00526e0e9c72fcff62.jpeg,2.7777777777777777,3.0,9,1.4444444444444446
379b2acfa83c5bfd7562f416900d6d.jpeg,2.6666666666666665,3.0,9,1.25
20d09c0f904982bde4f04fabc56264.png,2.7777777777777777,3.0,9,1.6944444444444446
bd78479d5f525f3055c294a41a3b7d.png,1.8888888888888888,2.0,9,1.1111111111111112
59ba55e800593e7c7ad0a9d7c92243.jpeg,2.7777777777777777,3.0,9,1.6944444444444446
31740a906c198586f32bd7d3f5e8ca.jpeg,2.6666666666666665,3.0,3,0.33333333333333337
51354fffe14bd37413ac086b118cfb.jpeg,1.0,1.0,3,0.0
6bedebde0a2a717f68c695265581b1.jpeg,1.3333333333333333,1.0,3,0.3333333333333333
32a18ad6e9db895d290acefe8f5d88.png,1.3333333333333333,1.0,3,0.3333333333333333
a4af80e6b1e1b4e0d1a27d255db605.png,3.3333333333333335,3.0,3,0.33333333333333337
ea81517f2567520729963cf2eaf915.jpeg,1.0,1.0,3,0.0
2fe57d1b6028c43922767290f8ba65.png,2.0,2.0,3,1.0
c8aab58286c1067f7b09eef44fb36c.jpeg,4.0,4.0,3,1.0
0a38eb56fa6ddd8b7f5a2fee2555fd.png,3.0,3.0,3,0.0
ec2316865d4056e956e581cc9117c4.png,1.0,1.0,3,0.0
26961f1b861ba8b53f3b78b113da55.jpeg,2.111111111111111,2.0,9,1.3611111111111112
4dec79481063933ae4111d6cd4d46b.png,1.8888888888888888,2.0,9,0.8611111111111112
2b9eb9e7b852601b01d30c66a5128e.png,1.8888888888888888,2.0,9,0.8611111111111112
4176c532648ab2022f5c2ea0f44b94.jpeg,2.111111111111111,3.0,9,1.1111111111111112
6a519eaf99acc4547b38aa087115bb.jpeg,2.888888888888889,3.0,9,1.8611111111111114
51f1f691f7817eb8bedbfc602f36bf.jpeg,2.5555555555555554,3.0,9,2.2777777777777777
ec77201e05fefdf4f90f8c68b39eb4.png,1.3333333333333333,1.0,9,0.25
19c5ef7d95ef6dee584d735adc3aa9.png,1.5555555555555556,1.0,9,0.5277777777777778
03c741cb6fb4cdd8e4682c767f8a54.png,2.5555555555555554,3.0,9,2.0277777777777777
0385ea49034a3fe2f3ff90017c6ce5.jpeg,2.111111111111111,2.0,9,1.1111111111111112
2bce154ec7436118832a9005c42c64.jpeg,1.7777777777777777,1.0,9,1.6944444444444444
ca3fbffabb70b6295d355003a09c87.jpeg,2.888888888888889,3.0,9,1.6111111111111112
fbd4b3753d7a34d6d3863282616723.jpeg,2.5555555555555554,2.0,9,1.5277777777777777
c8e38541d62887b41411b3d4555c4f.jpeg,2.111111111111111,2.0,9,0.8611111111111112
911c6b74f9fb5da04d21771c11fd78.jpeg,1.8888888888888888,2.0,9,0.6111111111111112
d7fcb9b16dbc8cd34185648504caf0.png,2.2222222222222223,2.0,9,1.1944444444444446
fb9e05a2db69188693e2828351430d.jpeg,2.6666666666666665,3.0,9,1.5
96831c2df6306add08fd798a50a14c.png,2.6666666666666665,3.0,9,1.5
6729feb0e9248f0002c8b8bf25417d.jpeg,1.7777777777777777,2.0,9,0.6944444444444444
5754521692ae85c1a7b29658f996aa.jpeg,1.7777777777777777,2.0,9,0.6944444444444444
63195abe053258aa0785f60cb6eaa8.png,2.1,2.0,10,1.4333333333333333
29eb943b950be7f092681e869d32b8.jpeg,2.2,2.0,10,1.7333333333333334
b23430118c19ca64a3637f0d062e9c.jpeg,3.5,4.0,10,1.6111111111111112
e5fc627b8dfdab58d0d34ebe257fd6.png,2.1,1.0,10,2.766666666666667
cdd88e2d0928829e1228f38c20f032.png,2.8,2.5,10,1.7333333333333334
2483f928c8ba051fe82a736e87a888.jpeg,2.2,2.0,10,1.7333333333333334
52f4bd1b81ad8864c72c2ddc863d74.jpeg,2.2,2.5,10,0.8444444444444444
3f525a57a98894fe143f06fe696bd0.png,2.8,3.0,10,1.511111111111111
bc08c8ab5aa1b8550dae14e74530a8.jpeg,2.9,3.0,10,1.2111111111111112
3f4d0fb7ccb01da68416790384be79.png,1.3,1.0,10,0.23333333333333328
eeac15b6d312c61b7e0bb97c29d4ff.png,1.2727272727272727,1.0,11,0.21818181818181817
7df2f8384d7d37230ec2984c435372.jpeg,2.1818181818181817,3.0,11,0.9636363636363636
ff8eee5d09e5f70c080523b15df34b.jpeg,2.5454545454545454,3.0,11,1.6727272727272726
e4d24c8b24a316c10259048a327c50.png,1.8181818181818181,1.0,11,1.5636363636363635
c378ee4b6433ee2333f2dc7b3d82d4.jpeg,2.3636363636363638,3.0,11,1.4545454545454546
6d18e16abe289a587d22ebf3b259da.png,1.9090909090909092,1.0,11,1.690909090909091
b1c6a73fc9b943bead0827e931cc9a.jpeg,2.272727272727273,3.0,11,1.618181818181818
436ee4b696fd2afa4d978536c89cfc.jpeg,1.8181818181818181,2.0,11,0.7636363636363634
3b7eb7dba880cc5929788f0389bf27.png,1.6363636363636365,1.0,11,1.6545454545454543
0aa7d0362693bf6c1a92ecf05b3f87.png,1.4545454545454546,1.0,11,1.472727272727273
165d29305025656c4b72bc461e3c32.png,2.0833333333333335,2.0,12,0.8106060606060606
26e107a6c4aee42a2cc361188d0394.jpeg,2.0,1.0,12,2.3636363636363638
572aad696e1afc924298c48d9cd1f5.jpeg,1.9166666666666667,1.0,12,1.356060606060606
b4a33e5191fbd8f9f04f8f34818e12.png,1.6666666666666667,1.0,12,1.333333333333333
5fb0315f416e5e8b290220bc09c25c.jpeg,1.5833333333333333,1.0,12,0.6287878787878788
6f6488906692797f91edc9e460793a.png,2.25,2.0,12,1.6590909090909092
a0f0992ca99f729e0f83049369a86b.jpeg,2.4166666666666665,2.5,12,1.9015151515151516
392715f60412e076ae5fa7bcf8d851.png,1.75,1.5,12,1.2954545454545454
cbc63ed5445a5eea74b46303037e9d.png,1.9166666666666667,1.5,12,1.3560606060606062
55350262611e801ea3f39cccb8b9d8.jpeg,2.1666666666666665,1.5,12,2.333333333333333
c4f4fa3acdad4e13e8738ce86a2eb7.png,1.9,1.0,10,1.4333333333333333
c5a4563faf7150b789f72282a7ec69.jpeg,1.6,1.0,10,0.7111111111111111
2f07a4d61baeba090ac17dd525d0f2.png,2.3,2.0,10,2.011111111111111
388cbd7941bd11df80192dd643af40.jpeg,2.2,1.5,10,2.177777777777778
8da098939d38003059da942ffdd0f8.png,1.6,1.0,10,1.822222222222222
32f7e220ebb8444b8211dbc4a00a03.jpeg,2.1,1.5,10,1.6555555555555557
2a11c45f714c15a22007ec5c037a13.jpeg,2.3,1.5,10,2.4555555555555557
f6016d6c20f30d29c803d93fb6d03e.png,1.1,1.0,10,0.1
5a01b34a4f4d977a5bb310bf785ab0.png,2.4,2.5,10,1.3777777777777778
6129d260ce30649e1c2c95706f291d.png,2.4,2.0,10,2.488888888888889
3f74093d7804432d77a486b10156db.png,2.1666666666666665,2.0,12,1.6060606060606062
abeb35acc0e638a3e6d3c6d927088d.png,2.9166666666666665,3.0,12,2.0833333333333335
9273db3dd8ecf284440e5ecd76ac2b.jpeg,2.0833333333333335,2.0,12,1.3560606060606057
5930438933d7b49c19a44bda834d1f.jpeg,2.3333333333333335,2.0,12,1.3333333333333333
9ee14982ac999d91289636feffa274.png,1.8333333333333333,2.0,12,1.2424242424242427
9e63e8afee557ef08d48bea667313d.png,1.8333333333333333,1.5,12,1.0606060606060608
681118deeb1b8d43e07ba132af6fa6.jpeg,2.0833333333333335,2.0,12,0.8106060606060606
78ac756cd99a521cfebfd775eee60e.png,2.1666666666666665,2.0,12,1.787878787878788
464cc091a2380072983037b9379755.jpeg,2.3333333333333335,2.5,12,1.878787878787879
135f94b8c09a095d9e00538b54e99e.png,2.0,1.5,12,1.2727272727272727
376c980224777100bc52b0164a3156.jpeg,2.6666666666666665,3.0,9,1.4999999999999998
d16e377bc2377033d7e0aee912a80a.png,1.8888888888888888,2.0,9,0.6111111111111112
5c1a625b2882883a8cd0e69e27836b.jpeg,1.6666666666666667,1.0,9,0.9999999999999998
42816e2154ebe8a3dac0f0a0b8a91d.jpeg,2.2222222222222223,2.0,9,1.1944444444444444
6f8c41107a48ec503cf6be5c4c0e19.jpeg,2.6666666666666665,3.0,9,1.25
c68eee0b64a525817983477772cf7e.jpeg,2.888888888888889,3.0,9,1.6111111111111112
d25c98aaddcc37c1a94b86e186945b.jpeg,2.3333333333333335,3.0,9,1.25
f7f693fd023782fc87068894bba837.png,2.6666666666666665,3.0,9,1.75
aadfb0b55b1f91a7fe0e5f898e61b2.jpeg,2.2222222222222223,2.0,9,0.9444444444444444
75c998b7893383dfc61b77476bc0a0.jpeg,2.3333333333333335,2.0,9,1.75
733163388601d41846a32d27c06947.png,2.8,3.0,10,1.0666666666666669
f665f94d2142ccffa8ead9aae57dfc.png,2.2,2.0,10,1.7333333333333334
fa059a07c07ac2edf2ae66ae95c992.png,1.4,1.0,10,0.2666666666666667
c968b019c787a0f36dd21b80d3f3cb.png,2.8,3.0,10,1.5111111111111113
1aafe540bab82181c6799cebdf937b.png,2.1,2.0,10,1.2111111111111112
2e8dc191d43dc599a5c06962629c6a.png,2.5,3.0,10,0.9444444444444444
50e2cee12677a5f30834acb601942d.png,2.3,2.0,10,2.011111111111111
e2e2ff5d266352652b44999c20f31a.jpeg,2.7,3.0,10,1.1222222222222222
44e0858732c5a9bd5ab97c33d0dc37.jpeg,2.4,2.0,10,2.2666666666666666
457e23d28d1a0824ed5e0564b3ed0a.jpeg,3.4,4.0,10,2.0444444444444447
255183688a1ba8127584f849fa85de.jpeg,1.5,1.0,12,0.6363636363636364
6eb07e10818de23abc948a6373a9fc.png,1.8333333333333333,1.0,12,1.0606060606060606
7cfbe64e3b3eb6f97e434fc7ce2318.jpeg,1.75,1.5,12,0.9318181818181818
41bc3537834021ff8745a7b8d27eec.png,1.75,1.5,12,0.9318181818181818
b8fe6cf53b2db1edc1d0cf94bbf20f.jpeg,1.75,1.5,12,0.75
6aec3382e8f371cda0a56ec4550ff5.png,1.6666666666666667,1.5,12,0.606060606060606
b3a91a3b43598b9bb1cddfdd5d837e.jpeg,1.5,1.0,12,0.6363636363636364
3c125f148488637623eeba914dff0c.png,1.25,1.0,12,0.38636363636363635
ed79538fb3376097dee9749507e0a0.png,1.6666666666666667,1.5,12,0.7878787878787876
66ccbb55214cfaa3f4009320260f94.png,1.8333333333333333,1.0,12,2.515151515151515
c8150a6d5540d34efc227859957bac.png,2.5,3.0,10,1.3888888888888888
1f7073c680cea3eab0f350e8216651.jpeg,2.2,2.0,10,0.6222222222222222
214a413e116ba70b5a8fccb5c63530.png,2.1,1.0,10,2.544444444444445
9ae1357ecb052e7837fc303332f7b2.jpeg,2.2,2.0,10,1.5111111111111108
5a820eda751723930068ab8c37011d.jpeg,2.0,1.5,10,1.7777777777777777
cf41ca143fad01dd1493ca629cca5f.jpeg,2.6,3.0,10,1.5999999999999999
e11e31a79c20c3173d4ec52152127c.png,2.0,2.0,10,0.6666666666666666
54ff3928c30c339e6ef63b6e3bc590.png,1.5,1.0,10,1.6111111111111112
1834b3a13667ed111c3dd0a071b20d.jpeg,2.5,2.0,10,2.2777777777777777
11e2519c489fab24324cd15621ae4f.jpeg,2.6,3.0,10,1.822222222222222
f885fce9bc73fb955555d7f378bc3c.jpeg,2.125,1.5,8,2.125
f6e43a806406b65a7be440f19e51f7.png,1.875,1.0,8,1.8392857142857142
5c44293c81263073ac46962cdace20.png,2.25,1.5,8,2.5
b8eb9b5bc57c99b22ccb6fc2bae6ab.png,2.25,2.5,8,0.7857142857142857
8b0e966d3817ad96adf9709b9da7b5.png,2.625,3.0,8,1.4107142857142858
916062b02068eb363a73fe17ea3f2c.jpeg,2.625,2.5,8,1.9821428571428572
6aae9263da63111fc4bd34f47cdaed.jpeg,3.25,3.5,8,2.5
04e28c7c7828503acb931563f12785.png,1.5,1.0,8,0.5714285714285714
ede3bac5b8c055c5bdd18ed78f2425.png,2.875,3.0,8,1.8392857142857142
c9a1582970a79d6c98eab03c294bc2.jpeg,2.5,2.5,8,1.7142857142857142
14120691a8f76b131711909756ff2e.png,2.1818181818181817,3.0,11,0.9636363636363636
1d71110d3abe21e84e298e4fa73e33.jpeg,2.4545454545454546,3.0,11,0.8727272727272727
7f6592abd229e6165a60fe4b6ae821.jpeg,1.5454545454545454,1.0,11,0.6727272727272726
0221b494630362eab3ae92648c1b0b.png,2.4545454545454546,3.0,11,1.0727272727272728
aa5e00dfe81f25593eb686608c7534.png,2.5454545454545454,3.0,11,1.4727272727272729
d0c083bd4e47813a6aa9d0010419c2.png,2.0,2.0,11,0.6
4a0c75783b8ed714f99b2a92396367.png,1.4545454545454546,1.0,11,0.2727272727272727
ba3ed0a22655d19fcd9d7a5c675f4c.jpeg,2.4545454545454546,3.0,11,1.4727272727272729
031644c47b4a6938fa0288ce508dfb.png,1.8181818181818181,2.0,11,0.7636363636363634
863b85a590997beb2c298ea426f9c3.jpeg,2.8181818181818183,3.0,11,1.5636363636363637
b52bcfc13acd89d8681b826d76b908.jpeg,2.2,1.5,10,1.9555555555555557
ec0ae5c068e4298740b76eb638e443.png,2.0,1.0,10,2.888888888888889
06d0925c8aff85039657342e438c4c.jpeg,2.1,2.0,10,1.4333333333333336
ceb7dccc78819fa88c1937871ae5ce.jpeg,1.7,1.5,10,0.6777777777777779
5d8873c49e8dcbb1644c0f95c61c84.png,2.1,1.5,10,1.877777777777778
56a8b6d232270e4e66e761930fd1fe.png,1.5,1.5,10,0.2777777777777778
a155191530212a10c3a10ca5b3ccb8.png,2.3,2.0,10,2.2333333333333325
0fcbbb2f405abc15bfa689efaa801d.jpeg,1.6,1.0,10,1.1555555555555557
67fca6b27fcadb817380882d1e221b.jpeg,1.9,1.5,10,0.9888888888888889
465dc551986ef32278221df1aef484.png,1.9,2.0,10,0.7666666666666666
30c8c95c6fff56b62b17ba9ff1a7cc.jpeg,2.5454545454545454,3.0,11,2.072727272727273
1807d8e4f2b35d1066241ba6ab10b0.png,2.272727272727273,2.0,11,1.6181818181818184
810ee5cc9c1a969adc693a92677fd1.png,2.727272727272727,2.0,11,3.6181818181818186
a85f657db6a0a5c381f674628b2ed0.png,1.8181818181818181,2.0,11,0.7636363636363638
32937e77b9b37404f20dde969cba21.jpeg,1.9090909090909092,1.0,11,1.6909090909090907
1b38ed5046ef23ff1bea8a23c54d2a.png,1.6363636363636365,1.0,11,1.0545454545454545
d8ccffb7c1f97bd83345f8c06a4329.png,2.3636363636363638,2.0,11,1.8545454545454543
6c409d7c59930baaf11dcd011ce674.jpeg,2.272727272727273,2.0,11,1.6181818181818184
f7a98fa8cac6972d73cbde1ca60974.png,1.9090909090909092,1.0,11,1.6909090909090907
8cedd523f96421ec1f3d8ec22a191c.jpeg,1.7272727272727273,1.0,11,1.018181818181818
3051903b34e41ac4c93107bb1838dc.jpeg,2.4,2.5,10,1.6
cea26d34e47499caac05dc4550cd19.png,1.5,1.5,10,0.2777777777777778
d2abab2391faca6e0a4d42fa724347.jpeg,2.6,2.0,10,2.4888888888888894
a94877d9b12ca3d1daf60d62f29b90.png,2.5,3.0,10,1.3888888888888888
88072ef705d5d475e011f6e5b1f7e1.jpeg,2.6,3.0,10,1.6000000000000003
5dcfcaa573a7d50f2c256c4d87b974.png,1.7,1.0,10,1.1222222222222222
718afb5cfd9afe00243a83247e7927.jpeg,2.6,2.0,10,3.1555555555555563
ca092c85706fa5d7b254cb78e35cae.jpeg,2.0,1.5,10,2.0
372287d3b7a601dc5f940753cb94fe.png,1.6,1.0,10,0.7111111111111111
8d5f68f8193c345c0643830082a1ac.jpeg,2.2,2.0,10,1.7333333333333334
b3faae7dd9b6fc4bd94239c6869cd0.png,1.8181818181818181,1.0,11,0.9636363636363636
14aed394137760cc542ebb024304c9.jpeg,1.4545454545454546,1.0,11,0.6727272727272726
9db0490c497805f7a2d852964f2274.png,1.8181818181818181,2.0,11,0.7636363636363638
6bc1ec7cc6a53b21dbe1dee033a97e.png,1.1818181818181819,1.0,11,0.16363636363636364
66dcc3dd1ed699f14fc2a9c3e3c378.png,2.0,2.0,11,1.2
50442d6484d308d2eee235f69e4226.jpeg,1.7272727272727273,1.0,11,1.218181818181818
29f22f9625bd44c2edad6c214de858.jpeg,1.6363636363636365,1.0,11,0.6545454545454545
007f21280ec0e93136bd6b5949802e.jpeg,1.7272727272727273,1.0,11,1.018181818181818
1bb39fa73c63238cc95785c8801bea.jpeg,1.8181818181818181,1.0,11,0.9636363636363635
fb12006aa4cfa10432f3a4d54405cf.jpeg,2.0,1.0,11,1.4
7937796b3678833fd195ff35dd716e.jpeg,3.1,3.0,10,0.7666666666666666
d0b0c3df79410fd8b49f3216cbfa58.png,2.2,2.0,10,0.6222222222222222
f4f8bfedc10eb7c6a7fe456c536456.png,3.5,3.5,10,0.7222222222222222
99153f817d4d7a1410d53b86714ed4.png,2.9,3.0,10,0.5444444444444444
9acfbd81c0bfffcfb82abd66c6ebc8.png,3.0,3.5,10,1.5555555555555556
60b61ba92f5681a0fa8aafc7284516.jpeg,3.2,3.0,10,1.0666666666666669
fef0e12470b26ad2512a3b4da2cf30.png,3.1,3.0,10,1.6555555555555554
2b58f8aab48e57a46c14ba851801a8.png,2.8,3.0,10,2.844444444444444
552f00288260ef340e7d22c91a8410.png,1.3,1.0,10,0.9000000000000001
26a8b514d8139e4ed4bfc663b2db2b.jpeg,2.7,3.0,10,1.788888888888889
523ba1e23473c570f34d430704ac0d.png,1.8,1.0,10,1.7333333333333338
be9a508f655a35b2efcf4263d3a362.jpeg,3.1,3.0,10,0.9888888888888887
8882a36b4fb30e5ff2f30e5f5eb39d.png,1.7,1.0,10,1.1222222222222222
0f18d91f1b0cd71661d885b9a89ef0.jpeg,2.9,3.0,10,0.7666666666666667
f28ae56da88dadc8f3c1fb47e319f0.jpeg,1.7,1.5,10,0.6777777777777778
e6c4fc4235dce28637d7b9e83c8fde.jpeg,2.8,3.0,10,0.8444444444444444
01c7ea5adbd430e4beed7f739e507b.jpeg,2.2,2.0,10,0.39999999999999997
9554fb9d8132fea5283ff76be8288e.jpeg,2.6,3.0,10,0.9333333333333333
be7d80515b5295b36bd0c03303067d.png,2.1,2.0,10,0.5444444444444444
a0ecdda41a3661fb72149aab82edae.jpeg,1.9,2.0,10,1.4333333333333336
12e6faa0aa2170410054b252a958d5.jpeg,2.9,3.0,10,2.5444444444444447
f625bd18b90883828f9fe3ded516a4.png,2.2,2.0,10,1.7333333333333334
09940e9620a6389d22c7fcf2a2a21b.png,2.8,3.0,10,1.2888888888888888
e949a1709fb1ac617d6a00f6ea6d38.jpeg,2.1,2.0,10,1.6555555555555557
a1ce06b018a81f99060f28227b1396.jpeg,2.6,3.0,10,0.48888888888888893
ae9681b63d529c1d188a36391bbb70.jpeg,2.5,3.0,10,0.9444444444444444
c062acb5030b5ff2d2ea74d80d8be9.jpeg,2.9,3.0,10,1.2111111111111112
67212ed0d1c992834d2743a3ea494c.jpeg,2.5,2.5,10,1.3888888888888888
15ae1a42098de30e433e03b32776a5.jpeg,2.5,3.0,10,0.9444444444444444
5b84471dbebfd8485d185e23b10bc8.png,2.3,2.5,10,0.6777777777777777
bdf444fdd502577ea79b067eca4711.jpeg,1.875,2.0,8,0.6964285714285714
1769b8258ac7e168a7e6c41de5ce57.png,3.25,4.0,8,1.3571428571428572
8d66c2e0a44e7b2f48d65e2f36e02a.png,2.625,3.0,8,1.4107142857142858
bbf18c3ca07d9c5889d6fef66316c5.png,2.375,2.5,8,0.5535714285714286
91b3bdeff85423118905e283033547.jpeg,2.0,2.0,8,0.5714285714285714
fa6f98ac8ad20839a12b36c40c86a4.jpeg,3.375,3.5,8,1.4107142857142858
a7ce140730ec694bbea922227671ba.png,2.5,2.0,8,1.1428571428571428
98bd45511db29017ed99648860bd24.jpeg,2.5,2.0,8,2.5714285714285716
9a9e175e4a55e01a34aa66a810acea.jpeg,3.125,3.0,8,1.2678571428571428
7af7636833534de82eafb90a7b16d7.png,2.875,2.0,8,2.4107142857142856
881221913977ab6607ba7fb8a46971.png,1.375,1.0,8,1.125
2bff3d08039261e40e1b936fa03406.jpeg,3.0,3.0,8,0.0
648f133137d0617c3b3ad26ad2eaab.jpeg,1.5,1.0,8,0.5714285714285714
7acf5f993d635dd30c8f51d57a6e73.jpeg,2.75,3.0,8,0.21428571428571427
88c725ab82267989def892c3e5a187.jpeg,1.375,1.0,8,0.26785714285714285
7d2c888053edecf0e656079d9f6791.png,1.125,1.0,8,0.125
68d86014b5b0cdf13559383a521db9.jpeg,3.25,3.0,8,0.21428571428571427
506dcc94eddeec152f4d705da08d68.png,2.5,2.5,8,0.2857142857142857
17997e6670bc289c0086e0313cf2c2.png,3.25,3.0,8,1.3571428571428572
a35b6236b0ed474c92a270aefaad54.jpeg,2.25,2.0,8,0.5
5c6cd8437b9b4d161c994e4685123e.jpeg,2.6,2.5,10,2.7111111111111117
7ff10cccbe980b232ac54cc9e3723d.jpeg,1.7,1.5,10,0.6777777777777778
3edd6622be84ec7ea0bdae2049fa9c.png,1.8,1.5,10,0.8444444444444444
753627cabb7faa3bed8571826089e9.png,1.8,1.0,10,1.7333333333333336
8e4053084483a9ef7de99b367a3b22.jpeg,1.6,1.0,10,0.7111111111111111
303d0891ef4825b12af2eddca3206b.jpeg,2.3,3.0,10,1.3444444444444443
382638e455ef54206a3b6d0a75fbf5.jpeg,2.7,3.0,10,2.4555555555555557
b2c1186fe09777cec249bd2c8b6191.png,1.3,1.0,10,0.4555555555555555
adf6439166a4af6faac99c372c4b30.png,1.9,1.5,10,0.9888888888888889
e63bd738cc62628a05f1e7d632b545.png,2.3,2.0,10,2.2333333333333325
b0b96b5338de60e154f9fb1ddf6b09.jpeg,2.7777777777777777,3.0,9,1.1944444444444446
f9e06df4338cc5a85d5f5216513a56.jpeg,1.8888888888888888,2.0,9,0.36111111111111116
8898c2d9db09f3cfcbc031b8c51267.jpeg,2.6666666666666665,2.0,9,2.0
066a85348f5df9318dbe02f8918baa.png,1.6666666666666667,2.0,9,0.5
58034748116b956bc1ce4c97a43c56.jpeg,2.5555555555555554,3.0,9,1.2777777777777777
12e915f256e1a5df9eaf44d9370525.jpeg,2.6666666666666665,3.0,9,1.0
fec2b46b24fe2b1ecc13006f6d2a11.png,2.3333333333333335,3.0,9,0.75
c71440fabc8fd1e739b763315bb6ef.jpeg,2.888888888888889,3.0,9,1.8611111111111112
a90743226ac7b186be63def84af1f9.png,1.4444444444444444,1.0,9,0.5277777777777778
66ef3f6365e47548621cff8b52cac0.png,1.5555555555555556,1.0,9,0.5277777777777778
198fb4b9f9fe4b79b69967921160aa.png,2.090909090909091,2.0,11,1.2909090909090908
998aa3888ccf3f26e4bc30e3c9d923.png,2.090909090909091,2.0,11,1.4909090909090907
6fab85bce0d75b01e6d87cd0e3f0fa.png,1.9090909090909092,1.0,11,1.690909090909091
92a05e3a670785a34b3238cdd40e0a.png,2.727272727272727,3.0,11,1.818181818181818
59c02df05c995eb922ef98163873ac.png,2.0,2.0,11,1.6
e543fa9a7b45a829d03e349e7d8200.jpeg,2.727272727272727,2.0,11,2.618181818181818
ca36a0b578feed0db9b9f5919c48d6.jpeg,1.9090909090909092,2.0,11,1.4909090909090907
8a3b04e5494221c0013b83b14dd573.png,1.7272727272727273,1.0,11,1.818181818181818
c7be4b6c69233a7430830821193619.jpeg,3.090909090909091,3.0,11,1.4909090909090907
d17ad95f44a13c45f0bd12a8ed1eb2.png,2.5454545454545454,3.0,11,0.8727272727272727
d9c6be5757f722947c72dd1d074950.jpeg,1.8,2.0,10,0.8444444444444446
ae838d2c92e969642c34eb6650327b.jpeg,1.3,1.0,10,0.23333333333333328
1fb6980a397dd11e33c48764b3b00f.jpeg,2.4,2.5,10,2.0444444444444443
6772f903db8b467e9ec95dbf3299c8.jpeg,2.0,1.5,10,2.0
7f6714629dc5e8b684bee227d9bb60.png,2.4,1.5,10,2.9333333333333336
0bf080c69b7eb953d7042dbe10da54.png,1.8,1.5,10,1.0666666666666667
20a4c8bdcbf9c8a6409904877f7368.png,1.3,1.0,10,0.4555555555555555
49e43e7b812ef2cc61855fb9c9d7b5.jpeg,2.3,2.0,10,1.3444444444444443
513c52d6b17640814e6b6277cf7f33.png,2.2,2.0,10,1.2888888888888888
cecd30fb07b652bdb12947d50022d7.jpeg,1.8,1.0,10,1.2888888888888888
dca7c04a39be872243a57c2505c025.png,1.8888888888888888,1.0,9,1.8611111111111112
39878e4272d9a5a2ed5dea1089aa8e.png,1.3333333333333333,1.0,9,0.25
77aaa96e7db639f1de1739594f459d.png,2.3333333333333335,2.0,9,2.25
aa4666b6c1a32b6cefcc5192ce7077.jpeg,2.111111111111111,2.0,9,0.8611111111111112
c043aba52006366ab374711aebaf49.png,2.7777777777777777,3.0,9,2.4444444444444446
a79fb8f29c6ff6a0ceaef9c6ec306c.png,1.4444444444444444,1.0,9,0.5277777777777778
0e81ae3ddc5d63468e8fa4d9ff5a78.jpeg,1.7777777777777777,2.0,9,0.6944444444444444
67e4f595a6b5243375e46a194fdf17.jpeg,1.7777777777777777,1.0,9,0.9444444444444444
8c35fb4baa92e8eee2b3e300954dc1.jpeg,2.3333333333333335,3.0,9,2.0
5e2a5303f2ba983f8b5d291ded4e28.jpeg,2.5555555555555554,3.0,9,2.5277777777777777
0b0a38cb3414ba406c74e4d7910c82.jpeg,2.6,3.0,10,1.3777777777777778
ec80198dceb837d164ab15591cfaba.jpeg,2.5,3.0,10,1.6111111111111112
2ba95e8d82492afe9ceb6931e124af.jpeg,2.0,2.0,10,1.1111111111111112
a18d19399c9ae663cc1b0db8fce0a8.jpeg,2.9,3.0,10,1.4333333333333336
c8edc12671ff971883ed46e4fe9f3b.png,2.5,2.5,10,1.8333333333333333
7364f8f704252093793d20bd68286d.jpeg,2.7,3.0,10,1.3444444444444443
6930498b21c84ea23436c5e53f2010.jpeg,2.4,2.0,10,1.1555555555555557
42f637ecf9d1133b586b3329d8b4ed.png,1.1,1.0,10,0.09999999999999999
64a14b6bc07f4accc5b4169c86ed00.png,1.8,1.5,10,1.0666666666666669
3dcdca384c5a9cdc09528c60b0dc54.png,2.6,3.0,10,1.1555555555555557
37423451cc3b35bfd45f5d7305e401.png,2.5,3.0,4,1.0
348e47eb2c9d0ea063908f27616eb5.png,1.5,1.0,4,1.0
4b6209a754610b92c26b86ef25b88e.png,2.5,3.0,4,1.0
528d4a7feba32aa67aa02db03ad134.png,3.0,3.0,4,0.6666666666666666
42dcb9a1021bc1f67017986b8d7f86.png,3.0,3.5,4,2.0
0cb45cf5b9878bd8e317cbb6535a81.jpeg,1.5,1.5,4,0.3333333333333333
3ee5f0f997cf99c2521a292cda9e21.jpeg,2.5,3.0,4,1.0
67185c809bf568cac84afea58b52f4.jpeg,3.0,3.5,4,2.0
aec6d995b95b1b0d572360dfad6ec7.jpeg,1.75,2.0,4,0.25
eccbbfbfe6e42a6485789a02b78f2e.png,2.0,2.0,4,0.6666666666666666
092913ad116449883c32eb40246b8a.png,2.4444444444444446,3.0,9,1.7777777777777777
82d034cdea5c63668a4571fc79f41d.png,1.1111111111111112,1.0,9,0.11111111111111112
aaf66d89aeb50bea3dd0a083813145.jpeg,2.5555555555555554,3.0,9,1.2777777777777777
bc5fb4d22beca047b2e6d0c2dda37e.jpeg,2.7777777777777777,3.0,9,1.1944444444444446
fe1c4ecae14b75c220165b93820253.jpeg,2.111111111111111,2.0,9,1.1111111111111112
96648895284663336ab40d0d379b24.png,2.111111111111111,3.0,9,1.1111111111111112
044167ae9e8fbe083cb0a2cab166d9.png,1.8888888888888888,1.0,9,1.6111111111111112
b1508f6e06504497c3da50d7031625.jpeg,1.5555555555555556,1.0,9,0.7777777777777777
2a791d16abb36eb67c1aa0f8f927ff.jpeg,2.111111111111111,2.0,9,1.3611111111111112
6d4af4150586dfb784d827f24dd7d5.jpeg,2.0,1.0,9,2.25
3d42c57956b82e248d8d5bc1e9fb65.png,1.9,2.0,10,0.9888888888888889
9172ed919f3ed0dc4aadf45d102f02.jpeg,2.2,3.0,10,1.0666666666666669
e5b6ebd23466fac0ffa97577c5cc37.jpeg,2.3,3.0,10,1.3444444444444443
9384c0154357d93c0a31fcbdae236b.jpeg,2.6,3.0,10,2.488888888888889
88a505240be5508dabf41558ba810d.png,1.4,1.0,10,0.2666666666666667
dcb3f4f825e3bd5817fb2f4bd7f7d1.jpeg,1.8,2.0,10,0.6222222222222222
9b35bd66948b42d1ec3230db685278.png,1.4,1.0,10,1.6000000000000003
90e2d054117e174b5e5b15d6b1ca69.jpeg,2.8,3.0,10,2.1777777777777776
bf01bc288208f7eda08b2c1cf02eac.jpeg,1.5,1.0,10,0.5
ddef363531b957e08850479a77aaf2.png,2.0,1.5,10,1.3333333333333333
