Image Name,Original Size (Bytes),New Size (Bytes),Compression Percentage
80c544983e2c3db5eaffd72079f945.jpeg,124192,5680,95.4264364854419
50d1fd022e4928615bfa8943a5b8d7.jpeg,40618,2782,93.15081983357132
bd99ba38d75081d85367c47fdba56e.jpeg,377067,4328,98.85219337677388
f814798aaef4f04607a114ba212bb4.jpeg,241868,9910,95.90272379975855
83f01001618babeffb57e4bb064163.jpeg,34005,5173,84.78753124540509
63c08b90ceb6aedfcb8a668e98a72a.jpeg,90678,5866,93.53095568936236
18d7dd09d1801e5b89517f4f271c64.jpeg,40574,5457,86.55050032040224
c560cd37250d74a43fa77a2a0dfd7c.jpeg,47285,7118,84.94660040181876
9993416e4c841deb4a001833c7514b.jpeg,5389,2981,44.68361477082947
20c9b094462f344e9dfaf3abffae4e.jpeg,32176,7472,76.77772252610642
ff916057694a62ff073630a357230a.jpeg,198793,9711,95.11501914051298
37ea516bc71ff311b0c49bdeb72be5.jpeg,23006,4981,78.34912631487438
e55698d40bbe9a16d123ec63e653aa.jpeg,99364,6502,93.45638259329334
27b4304ac341cb673ad64a5dcb42c9.jpeg,38908,6521,83.23995065282203
f4f394534cc157e2eee8f16ae0cd35.jpeg,31570,6955,77.96959138422554
e3a1aa9d7cf9d7320742cd0acc6327.jpeg,31090,9952,67.98970730138308
b027cc8c625b7fe216f3b546b97025.jpeg,22096,6950,68.54634322954381
68fee696b0b884b8df18c4a73a9fb2.jpeg,473935,6995,98.52405920643126
b28e5b03dc17d65ac061cf429509c2.jpeg,65416,5070,92.24960254372019
429a928caa7ecadff588be44e78e01.jpeg,35988,7511,79.12915416249862
439e965b7c04257dc50a5774634bfb.jpeg,57878,9987,82.74473893361899
fd962f711c77474854970fc9ab4e62.jpeg,17743,4127,76.74012286535536
f06e9720329ca9395ebb05cc9fcd36.jpeg,17421,6195,64.43946960564834
b0e1cc46dddb26c5751f4f86bc53ef.jpeg,32695,4701,85.62165468726106
d6b037a32d7f7f3b50a879c4db444c.jpeg,67978,5239,92.29309482479626
e289398c04f13a6830d8b3aa818458.jpeg,111344,8337,92.51239402212961
a62930c90c1df8e2084b4f53e670f2.jpeg,20542,4773,76.76467724661669
53699ec25e7c99765ffe4a078f3512.jpeg,56480,7152,87.3371104815864
a3b480c2a5f29cecb3d48a2cf7064a.jpeg,28561,7653,73.20471972269878
022a8b92f9eaf36f530596b4a6916b.jpeg,36682,7006,80.90071424676954
fee2689ec16a1cff895c0f9c8160bd.jpeg,13451,3572,73.4443535796595
1b27c9b71d0a57ef6fa76ce1853c5d.jpeg,29675,4394,85.19292333614153
a4d79dd2549fc0468343a9679cb159.jpeg,122077,6008,95.07851601857844
889dcdecb0763726429da880a785b6.jpeg,52043,7606,85.38516226966163
44e6d82a902ef9b9068197654d4425.jpeg,12571,4864,61.30777185585872
d8fb12b409355120f2299e0e365c42.jpeg,53432,4259,92.02912112591706
3c68880e666c18bc4fe3c62f3459dc.jpeg,77419,7308,90.56045673542671
43b93caf91b468bf7e3f278e6ef294.jpeg,21909,7129,67.46086083344744
35165a16f181df6eb0a60cfa769e6e.jpeg,13292,3734,71.90791453505868
db63cdbe48ac16378de4ab2cf29bf1.jpeg,30334,5682,81.26854354849344
15c175cf732267747000c93bcc0c4c.jpeg,82021,5814,92.91157142682971
ad4d9a502b4b149de12df95fe2bdd0.jpeg,4219,1972,53.259066129414556
f4bcb187327f4a4f4402209fcc210f.jpeg,17805,4401,75.28222409435553
73942094eb2f497d9882114e35dde0.jpeg,36549,5860,83.96672959588498
f68806e5004d9ae56c7fdb4759e69a.jpeg,32645,6675,79.55276458875785
caf0227ea6bf486da620f04c0903ed.jpeg,13983,3213,77.0220982621755
6d9e0e158defef1cebc4e0db93417b.jpeg,26381,16868,36.060043212918394
ff88f06196ce869b0fcf65fe85cbd8.jpeg,274176,3804,98.6125700280112
e221fa46873999d2bc9363d19df18f.jpeg,69086,7343,89.37121848131314
e077b62d8209a4589a23541b73bd67.jpeg,22849,4972,78.239747910193
78ce68e125805ace2d078b8eeb4e5a.jpeg,67976,7023,89.6684123808403
da5a028e4eaf9031cef42b1b52b86c.jpeg,55534,8041,85.5205819858105
881a756c193d263cbd58d6eb3c6686.jpeg,469051,6880,98.53320854235467
a3e77bbdea137366a8898eac69d23e.jpeg,24427,6484,73.45560240717239
80a98994ee8d5055f3d466e4a185eb.jpeg,127855,5410,95.76864416722069
6f78fb259697b66b50dbd752dfc282.jpeg,92812,24268,73.8525190708098
5293c7e723a19ba7db1c61ac5d7cec.jpeg,269659,9863,96.34241764598993
82e898e05d711a77257637345a0350.jpeg,103903,8371,91.94344725368853
d368e6132aecc8666b0e2051ddcbd6.jpeg,83537,7850,90.60296635024001
a95f66584f94559224ddaa397228e6.jpeg,114217,3644,96.80958176103383
6445f1fbe7960e095b888930ca12e0.jpeg,144140,6813,95.27334535867907
75e9b4cc69734e904af1a4cdd07174.jpeg,86040,4802,94.4188749418875
6349f67b357e49c825d5e06209af24.jpeg,71033,5637,92.06425182661579
20ccded8c43900cd1cd39aeea7748c.jpeg,32867,5767,82.45352481212159
25752d68b6d22969c9d69190748e51.jpeg,109864,7690,93.00043690380835
621eac2b1d78ba33d98ef357f07940.jpeg,10116,2840,71.92566231712138
2c788780c19bb55689cb999683cb81.jpeg,89664,3505,96.09096181299071
36416abd01492f0bcbf56895a80837.jpeg,79980,5922,92.59564891222806
f47df376e8994434f9f40b7da833f0.jpeg,6067,4481,26.14142080105488
3b69169daff7b8485197ba637a7db4.jpeg,41686,5786,86.1200403013002
64414620904181b4a70918efa4ed23.jpeg,24910,5257,78.89602569249298
f74aeec39fda50a80cbc79d7d1a14b.jpeg,25866,3543,86.30248202273253
940c44738b10cb3672992b5fb36b8e.jpeg,41466,5992,85.54960690686345
442414a095ef1fd6baea50b8f7226e.jpeg,4847,2126,56.13781720651949
ef7292716a4cf7d49cd6ba32b86623.jpeg,21767,5659,74.00192952634723
70846cfd2f9263f80be449b3eaa317.jpeg,40403,7096,82.4369477514046
c0ef11c67a6ed923f6705d62dcdd5f.jpeg,62554,2516,95.97787511589986
f56f8880652265a13a7b55ad922ff3.jpeg,8276,4738,42.750120831319485
69f73dadba510fc4f72a76ff66f279.jpg,95796,5010,94.7701365401478
5e2a5303f2ba983f8b5d291ded4e28.jpeg,88264,14074,84.0546542191607
58ab1f2018711328d796a37c4f8f34.jpeg,22120,3745,83.06962025316456
65976afc610882867a309a57ee4f53.jpeg,314167,8927,97.15851760369485
d0ecb7ca2675ec96f67f9771420061.jpeg,19831,7626,61.545055720841106
d19a95075bdfe52711bfb48972b835.jpeg,18639,6382,65.75996566339396
7c0d38f29a165c506bdebb9699cf44.jpeg,14537,14528,0.061910985760471604
f2a1a32b1e32e547a17b1400d0cd7c.jpeg,43813,5937,86.44922739826079
b1d7cecbb0ad1ee3781aae955f9509.jpeg,123274,6856,94.43840550318802
fd592e19636c166904884964b7ec09.jpeg,108324,5665,94.7703186736088
afd27eff8de91086a188319395860e.jpeg,188032,8888,95.27314499659633
4d84c11cfb8706fbc1b85516677bba.jpeg,62653,20485,67.30403971078799
5a37960bc933705e803473b833fd51.jpeg,39734,8369,78.93743393567222
b124665492806bbfa005205a8191db.jpeg,6823,2441,64.22394840979042
263d96713debb195b6aa15e954db84.jpeg,25358,4120,83.75266188185189
ed529d8287272d54ea3061a9ec992b.jpeg,22846,5659,75.22979952726955
5226b26ba32aab46b1be0d67d3feef.jpeg,28892,3963,86.28340024920394
47c31a728a9b485197d7100bd6e4f3.jpeg,266063,4351,98.36467302856842
f1487d8d894ec9c4adbe33deb0cf00.jpeg,272802,6674,97.55353699752935
a72191d2a37c8e77c4a2390d5dc9d9.jpeg,56183,3982,92.91244682555221
988793b8b0ca2d0344618cf7d415fe.jpeg,40173,5240,86.95641351156249
ea5413041e3e4b2391836892a111d5.jpeg,26745,6423,75.98429613011778
d6ea71f4b1552b11bec84f80b174ca.jpeg,135765,13420,90.1152727138806
195e54b9871f50f3d33a4b759ffecb.jpeg,40728,16600,59.24179925358476
7a0abbf126262c185bc68c94dbe308.jpeg,24546,16668,32.09484233683696
28813e80f78bb95c8d84d9d71922de.jpeg,13345,6787,49.14200074934433
6ee6dd88b50f7fa58b2f483afa3144.jpeg,25159,14277,43.25291148296833
d8be71ead8ccbe283d18b94fd8c1e0.jpeg,24900,3693,85.16867469879517
d108c72d322c354398f438899498a6.jpeg,51447,6057,88.22671875911132
074b5bccbdf33a87ed775f4377bcca.jpeg,99992,4304,95.69565565245219
f9c19eabb4f9806407918f2eefe6e1.jpeg,36918,10698,71.02226556151471
9027fbf3a7e5561f0180ae25533ea6.jpeg,25430,4846,80.94376720408965
d2a1d3d68da7122ec77385e4531672.jpeg,39223,6635,83.08390485174515
75b2cc9d874e8da72655ab1234d728.jpeg,7471,2486,66.72466871904699
8cbbacdae804a52fff39af84ecfe55.jpeg,628352,24270,96.1375152780607
7d3a5fd384330447752e0b8c5857cf.jpeg,26534,15970,39.81307002336625
f107bbb01c5f293de587a3676232fc.jpeg,147628,7845,94.68596743165253
e95d413d19bdb688be1d804fc5c11b.jpeg,91859,6961,92.42208166864434
e449ed2612709c57235f1e41868d6f.jpeg,53400,6037,88.69475655430712
ab314539ce8c106ad9da130d8ee42f.jpeg,4426,3000,32.218707636692265
48f29a751e344c31ba330973f73a08.jpeg,34619,4853,85.98168635720269
40593a22138150c8f5a8bc883d741e.jpeg,103878,5303,94.89497294903637
091f0b20e2d05e9a889e790a733a40.jpeg,22155,5192,76.56510945610472
f1df1c0a66384d9aee63b7fc44f271.jpeg,1369049,9931,99.27460594909313
2566bb33a4c74913c8532076f0f55b.jpeg,7123,3263,54.190650007019514
08a1812d2357b6067349c18df72efb.jpeg,42926,8864,79.3505101803103
b0f2c0fba0cb3f453fa3255e43182f.jpeg,145248,18565,87.21841264595727
fa3f8dabc47195f13ec13a0c5e5216.jpeg,44464,2799,93.70501979129183
60c851d50a57c75a02a30eed99b9b7.jpeg,117629,6209,94.7215397563526
f1bcb0c6c343fc853e36d205ef84e4.jpeg,161129,5845,96.37247174624059
7364f8f704252093793d20bd68286d.jpeg,28794,3591,87.52865180245884
67d777e64e21f6b8f40be964581458.jpeg,61286,7850,87.19120190581862
fa2749e72be6b190073893703223f8.jpeg,16860,7618,54.816132858837484
991be2c0a52b12e724b0256555315c.jpeg,61262,7364,87.97949789429009
4f408662ffd70beea2570989693ba9.jpeg,18385,13291,27.70737013870003
cfadce87393835cc75bdd70d879110.jpeg,74911,4965,93.37213493345436
dd8fd641c1ed6ae5f3c8ae153b1e82.jpeg,29489,6865,76.72013293092338
e0d9bb659a438e2b5f8da788b41edf.jpeg,80914,3240,95.99574857255851
957eff77cf50c41750f9923e1bfe06.jpeg,81340,6599,91.887140398328
cd2654fae195462fe71a0ec3972e51.jpeg,16867,3702,78.05181715776368
65ceee5b20d5f346d1903416c3a0b4.jpeg,17626,3740,78.78134573924885
4d357975c1b08f411879b8b3764a22.jpeg,22097,18783,14.997510974340411
7dacbdf5a158325e6770a302cba0cb.jpeg,62822,21584,65.64260927700487
9e16e0e6d01aa9ad446abb5cec3054.jpeg,90029,10196,88.67476035499674
7b638d1642e25c2ef409250205d5a8.jpeg,16716,9928,40.607800909308445
491fcf9cc1bf0a8c78e4517531c9ea.jpeg,21676,5473,74.7508765454881
9e972420b0d4b8807b5cbcc4b2dd28.jpeg,56886,3245,94.29560876138241
bba6040af84b8dd65bbe30a1518f33.jpeg,12887,5102,60.40971521688523
6daa41c074015171a9a72342aaa69b.jpeg,40656,8885,78.14590712317985
c40133b88be857267713c44271ab05.jpeg,819584,10060,98.77254802436359
49f08c496cd160041cf3089221b5bd.jpeg,581694,12466,97.85694884251858
bfd0df5d5026c44a06091bfdea2c8e.jpeg,14951,5830,61.00595277907832
8c69a84cffb719b2fc26e0acbc3e61.jpeg,15613,13632,12.688144494972143
f76bbc28cdc8009cda59743a0faf2f.jpeg,1940112,17791,99.08299108505076
2524b908c4faeaaa5673bc36794fc3.jpeg,350453,4522,98.70967005561373
85c0bb3ccb7eb50d9fff6d3e08ae6c.jpeg,18326,3162,82.74582560296847
f82c1b9c0f47ca8fc09e219287d232.jpeg,57528,6274,89.09400639688499
691b2a75ccf70b04adaf98e99d1805.jpeg,56551,5912,89.54571979275345
c1aa671abb23261832a945467bd502.jpeg,335979,7782,97.68378380791657
e6dfd7db29693ef5506b2405d47f04.jpeg,14050,3299,76.51957295373666
b87c92295b89df6e1e721637c40fe5.jpeg,192248,4463,97.67851941242562
a0489a373b61a6e3182e147cb52963.jpeg,79722,7302,90.84067133288175
93bed026286aa998fac39712639c26.jpeg,69927,6283,91.01491555479285
fe7ef94863adc3160308cdb07d563f.jpeg,51401,5600,89.10527032548005
6f89b4aef2b7ccbcdc87cc97450fa9.jpeg,42824,17988,57.99551653278535
d6d23d9c063c0bff697647e44ee11d.jpeg,23743,5143,78.33887882744388
ce59cec28161c7ad9f0345ad9f3c67.jpeg,107132,5238,95.11070455139455
36f7167227aa56becf0285272f2aa9.jpeg,9985,3724,62.704056084126194
e73d0c59626be89d9797298d8d6540.jpeg,7994,2639,66.9877408056042
4c710a0768b0ae8a668e598e4cc2d8.jpeg,82979,16915,79.6153243591752
757bcfa3cdec5bfe99157668381e06.jpeg,35648,9455,73.47677289048474
48a1bc1fcebcf331ae3656eda87fc1.jpeg,49550,7733,84.39354187689203
2702e8356fd03174f6fa25426e8768.jpeg,152549,10217,93.30247985893058
38b0e9d45c553de405005203e62a3b.jpeg,20217,6317,68.75401889498937
8f175ae44e847f76b95a2870bff211.jpeg,3381,3889,-15.025140490979005
3942255376240eba682ccc2b080376.jpeg,117944,2899,97.54205385606728
a206b0dd5f67be156d0c00ac8b71ad.jpeg,158629,7472,95.28963808635244
01cb7c88c1d52ae37b5bfbc4107992.jpeg,19421,5914,69.54842696050667
954a37c8dc50ca50bac8de2fa07b6b.jpeg,20032,6509,67.50698881789137
956ac4d7f4db0284380049a13f58f3.jpeg,83941,7408,91.17475369604841
b1e3e23f69f349a75724cb67517f5b.jpeg,43972,13139,70.11962157736743
398720f68a2d0c2946d481215dd29d.jpeg,168176,7718,95.41076015602702
27f4ab2176ba83c2be0fe23edc96cb.jpeg,159839,7915,95.04814219308179
36767830e4378876241f5c9dc53673.jpeg,136849,13079,90.44275076909587
31ab21df0bce4601b7d890d243a8a2.jpeg,25589,7477,70.78041345890813
ba403efea74d5b47b16201b5e22a63.jpeg,161615,4447,97.24839897286762
81927fb2f37b344239ec1227c028aa.jpeg,73692,4644,93.6980947728383
473555c9fb80463a005e0906b65cb3.jpeg,29937,8756,70.75191234926679
88acce9e34a428c0e034839e139927.jpeg,35147,6641,81.10507297920164
374192233d30e1b99f04299e7b798d.jpeg,108869,5226,95.19973546188538
ef59c209f372c961fdc1df4915c77f.jpeg,17307,10211,41.000751141156755
df95a1ab224a2882adc276527435ba.jpeg,207970,19017,90.85589267682839
c18ffe7ae196bbfed638b0d7ba2ea4.jpeg,55067,6699,87.8348194018196
9c7a82054bb94d5c43a9d3d4aad259.jpeg,219124,18250,91.67138241361056
a1b2e23d37be3c7447eaaa07ee1055.jpeg,21177,4493,78.78358596590641
7114c7006a819d6c82008e45e634fe.jpeg,93067,2910,96.87322036812189
75e48ea7d9cc967bd44306fa986f9d.jpeg,22265,3689,83.43139456546149
b774a3df3a32103709121e511a151a.jpeg,9199,4676,49.16838786824654
ad56f8b3f2009a5ab861cb68d3ae27.jpeg,94504,4261,95.49119613984594
b59f367e65da1097cd5a233d144876.jpeg,7965,3497,56.09541745134965
4d0c4810c3da69ac7a0b4d0dcccfd1.jpeg,17260,16376,5.121668597914253
a533b1a4b151cf9f9de88ade3f0418.jpeg,17989,4152,76.91922841736617
db4d2609f6586e4de06bf2b64c1273.jpeg,87285,3366,96.14366729678639
706a5a12af470fbd9fe884c161248a.jpeg,24771,4280,82.72173105647734
07cd4d4d64eed1cd6a26f83788db4b.jpeg,40930,20769,49.25726850720743
f58abf407cc53ca4c764301c46d545.jpeg,57635,3134,94.56233191637025
9138a0cc440fe51968974b25e99592.jpeg,11235,3866,65.5896751223854
4db83cff729f8f3a8decec15823535.jpeg,29666,11352,61.73397154992247
b563596c4ef18869ab0cbaa63afb46.jpeg,256477,6323,97.53467172495
728d1d71d8b30d3892ee7969e90eef.jpeg,105580,5247,95.03030877060048
83137296ae78503be3a5e9248f5124.jpeg,28932,9485,67.21623116272639
a5de976f5c1bbfe92beb6c1ca2eeda.jpeg,18412,6037,67.21160112969801
bc5fb4d22beca047b2e6d0c2dda37e.jpeg,19661,4307,78.09368801180001
d0b014900c5fbbc5d9a0432b4a8a50.jpeg,494378,8037,98.37432086379249
4b49d99777cf04f65c2af5295b89c5.jpeg,24072,22704,5.682951146560322
9e60c332fc081568bd56db19f29f35.jpeg,20092,5576,72.24766076050169
8cc7043686471c5ea39c15c27a201d.jpeg,295402,17820,93.96754253525704
86ba5a5040211bc09f2850c901b79d.jpeg,38120,4214,88.94543546694649
c091abec9381cd1e4ddb9ff8d87ab2.jpeg,42641,6467,84.83384536009943
ad8b45479615a6782d5c9cf622f599.jpeg,60942,10937,82.0534278494306
bebed2bdbb384ed9041712351a4821.jpeg,14002,4546,67.53320954149406
97948de25cd511ea524f64d4377535.jpeg,41448,11759,71.62951167728238
567dace3c0ed28c088480bde787f28.jpeg,93366,7356,92.12132896343422
9082c6488ec5bbdaf59e9f754b8c23.jpeg,41607,9068,78.20559040546063
afd52b77fbc04ef77626c6a7f9272c.jpeg,92714,9940,89.27885756196476
c66c3ccd3001742359281b1732c585.jpeg,7384,5077,31.24322860238353
4bf60fb6ca86590874f24f82a64461.jpeg,123792,20480,83.45611994313042
de47e588075527310ed510341a4b19.jpeg,27947,4110,85.29359144094178
38066a017269a7d4d976db4777423b.jpeg,2223002,6758,99.69599667476683
c9342248f9d1553ffaf9f9f369c60b.jpeg,136235,7512,94.4859984585459
e955fca5b91233687514b805535505.jpeg,18452,5820,68.4587036635595
8e5dbe1ea15e69e2d7845c53d578c9.jpeg,38101,14380,62.25820844597254
d4e26acadef73b1deb3fe05432e2a9.jpeg,69392,6177,91.0983975097994
b36d84880dc3193f532041efb29bfa.jpeg,54670,8320,84.78141576733125
6d5b8915e1413cd9a9c7bf3e54423c.jpeg,105306,18250,82.66955349172886
061e0fba185985f3e741e1d493d66d.jpeg,85723,9527,88.88629655984975
184185c08043db25e16c09417be7a1.jpeg,285818,7567,97.35251103849303
0e5078759880588509230afa46f1a8.jpeg,33931,5505,83.77589814623796
fe34c128f92d908ebfd9684efef876.jpeg,42898,5020,88.29782274231898
341d762121aee4ce5741f08c950cb0.jpeg,43348,9321,78.49727784442189
44a191c274d71f55bd9733c4b45f51.jpeg,70063,6922,90.12032028317371
05127c6d7a5d11b6946597d637b04c.jpeg,6230,3027,51.41252006420546
6b03fbe27cbaa24b04b3f477612940.jpeg,377343,26198,93.05724499990724
1fc81747dff0a150de17a27170c757.jpeg,21335,5286,75.22381063979377
10bb1cefde0086e4560b7727e03e66.jpeg,125529,4236,96.62548096455798
a196ed4d115d6687b3817c641d7535.jpeg,24433,5458,77.66135963655711
57868385363b1c9708576e21e8772c.jpeg,12257,3054,75.08362568328302
d98e484bc36f17fde51ad1c29176eb.jpeg,37929,7259,80.86160984998287
c740a138b38fe11602a597b5fafdff.jpeg,17821,6317,64.55305538409742
897768aae419f03a3ddbb03cbfbf8f.jpeg,35462,7210,79.66837741808132
ae0f60227d169a44dc6958a0512ffe.jpeg,13526,4992,63.09330178914683
dac78645ca9dc727fda34362bea9d0.jpeg,315523,8222,97.39416777857716
6b10fb0543706b297b651800459c76.jpeg,73184,28687,60.80154132050721
93d0427bc855bf1e041e8de2e19cb0.jpeg,15580,5779,62.90757381258023
24e8c0a4271a33ed65d933ba21d76d.jpeg,18583,5612,69.80035516332131
9513d67a644d01a23c2a2fb2353905.jpeg,89662,5672,93.67402020923022
af4effdf64556a17fa25e7b3ea8e9a.jpeg,60923,6814,88.81538991842162
21653066c5cdcee67c427d34dd374b.jpeg,30064,9036,69.944119212347
ecba4ec9b8f39d3d01b2baa74fb0b2.jpeg,44814,8474,81.09073057526666
47e899c25a7331ada5b2cb283e0f04.jpeg,75522,7411,90.18696538756919
cc63c5a21a62f140b0b61ed5975b3f.jpeg,9683,2213,77.14551275431167
8399a6b52930be05af8503bcf3c44d.jpeg,188981,8508,95.49796011239225
649293157176e3777e31183459252d.jpeg,37216,8354,77.55266552020636
d2abab2391faca6e0a4d42fa724347.jpeg,76223,7549,90.09616519948047
975c1e655d36e3943adb1bacb1c765.jpeg,17594,4387,75.06536319199726
475a5995f88415fc631919321f7ddd.jpeg,19679,7894,59.886173077900295
30fe884fab311b9ee115846d22c868.jpeg,7006,2617,62.646303168712535
090a096982526df31221c2b7571464.jpeg,61931,6972,88.74230999015033
6e749aa9a57f8957808337c3da18e9.jpeg,364189,12223,96.64377562199846
c98d7443de705f24d0767cd4139578.jpeg,25510,6800,73.343786750294
64a64cd4e62ec68c8645c9156e8401.jpeg,257252,7009,97.27543420459315
a33fe425e4e6277dadef606e30d8c6.jpeg,29203,7943,72.80073965003595
a31548cc2c5fe374650cb62e81250d.jpeg,50785,6121,87.94722851235602
13d25c4fd7b7cebe50081a309dc7d7.jpeg,2179343,5565,99.74464781358418
b7243401f71fd755997d6f6b227585.jpeg,78295,12252,84.35149115524618
ef9274124e380e290919443bf3b09e.jpeg,5897,2738,53.56961166694929
b71360746d2bc0ab21467ce727a69b.jpeg,43992,14937,66.04609929078013
e91ceb7bed9596d61df652f6172a06.jpeg,1001312,5959,99.40488079639513
f9ee9df5c5546c1f3926197e640598.jpeg,126277,10566,91.63268053564782
7127c2ec39aba0be5757c0a63556cb.jpeg,23740,8178,65.55181128896376
a95a9d75ad862c0d190d4ca2a39b71.jpeg,41124,6909,83.19959147942807
5588657b2378acb24447aa68c9d858.jpeg,29221,6781,76.7940864446802
b73358868d92f6658a0e9a2767b7ac.jpeg,104070,6684,93.5773998270395
3a4a82bd215f82d43fa62f349b547f.jpeg,8364,2934,64.92109038737446
dffc421473890a93129eb8364b4fd9.jpeg,158131,22730,85.6258418652889
48422908c230df078e3618f406f32a.jpeg,108521,10380,90.43503100782337
bbfa45c24b09545163f99900eeac45.jpeg,23251,8121,65.07247000129026
fe3f99e5fdcc3631f6130a1d4bea11.jpeg,9248,3378,63.47318339100346
97d0d4564e57d6c91d4cbfdd9b908b.jpeg,3389,2232,34.139864266745356
77f380a5fecbf6ee4aa270cdc6bb3a.jpeg,34555,4122,88.07119085515845
0826a8037100ac478013c0f597ede9.jpeg,33133,5450,83.55114236561735
1f4d1f6babc922acc25d10b570c199.jpeg,39380,7353,81.32808532249874
87803a3642ddce011539fa5db37359.jpeg,8551,3837,55.128055198222434
35e1d9ec030952093423cc44c39dc1.jpeg,166876,7022,95.79208514106283
684a67bf8298fa51b7c3b2721931fa.jpeg,666953,7550,98.86798619992713
96c9c08464725bf8bfe43c1968bff0.jpeg,97022,10531,89.14576075529261
b7a4207cdf4b3bd914c53c901bb8b9.jpeg,77809,6985,91.02288938297626
e5fa70a53842e9b3c732ecb8c59eed.jpeg,73750,8033,89.10779661016949
a6f647bf79c0fc2142f8243f1547b2.jpeg,70239,5465,92.21942225828955
df78dd9159baae83fe83a4b4236286.jpeg,167405,6577,96.07120456378244
fb1fa91755924c1d18b3b194fe7252.jpeg,16934,3764,77.7725286406047
ce74fbe2c06579fd3225c2e0625570.jpeg,124036,7589,93.88161501499565
5fe6ad9f129b055cc7ef83d4ecbf54.jpeg,15763,15842,-0.50117363446045
e6bba259709b4f3e13fdf6d35b61a4.jpeg,112331,6342,94.35418539850976
11709219dd856175ada5aa2b2f067f.jpeg,49343,6413,87.0032223415682
599ea77e32927289fb707902dc578d.jpeg,55610,5708,89.73565905412696
30bedb86e1da4e1098f45045423809.jpeg,3878,2036,47.498710675605984
6c035254d5c9da42075df2b036a800.jpeg,410805,44421,89.18684047175667
be4a2fae78f7ca9e723c6916e19e39.jpeg,48195,14917,69.04865649963689
9c60e3842a119f739b29f1912286be.jpeg,89439,16333,81.73839152942229
17299c51e7a894776c4f2d26de1432.jpeg,3220407,8213,99.74497012334155
9820a52938beead2719e6e130841ba.jpeg,46289,8798,80.99332454794876
0a8c8eb6240b5dee76e39c6be41902.jpeg,110727,6948,93.7251076973096
a29606abaff717569e45c7f7aa110b.jpeg,21316,7153,66.44304747607431
784e77c1f0815c4b12f7c378573c36.jpeg,17629,5848,66.82738669238186
d63ffc14f932dab4384ce6a206fce2.jpeg,20323,6224,69.3746002066624
9e874339ef3121c38247666f889135.jpeg,43200,6824,84.20370370370371
4f5d926b42811e6cbb32c6b088917b.jpeg,35042,18361,47.60287654814223
13aff3a9ec35cf9bf611576cffc0db.jpeg,14669,3800,74.09503033608289
bb9dda6467cade7f37bc929ff0f653.jpeg,116746,11790,89.90115293029312
7484dde8511081afc354db8dfbd9db.jpeg,81805,7888,90.35755760650326
931cc477229a63eaf9f7019a2082c7.jpeg,63525,7302,88.50531286894923
67240656c419680d268f8e9364ee46.jpeg,9839,3201,67.46620591523529
268c0c66d33ca4535f453775666661.jpeg,28155,12018,57.31486414491209
a5671785c1c06d96bf6c8a5adbbf68.jpeg,27240,6612,75.72687224669603
a0dca35e9d6aa5c106ad30ef18dffb.jpeg,179135,9462,94.71795014932873
59223e14c3773f462fa393d2373750.jpeg,24364,2280,90.64193071745198
e8c8a8539e01aea3a2755fd458fa12.jpeg,20685,6342,69.34010152284264
5151c35d006efdbb97c82bd4985609.jpeg,10277,6234,39.340274399143716
8ed82758127f892bb202eac1c32f03.jpeg,30831,8079,73.79585482144594
98a18ce799e2d1dc60d69efe8248c2.jpeg,68828,5461,92.06572906375312
b81c4d4c87b6cc9bafc3c940b38fce.jpeg,41729,6591,84.20522897744974
c0dde437d309738fd12baaf368303b.jpeg,137385,12642,90.79812206572771
5c6cd8437b9b4d161c994e4685123e.jpeg,450344,18068,95.98795587373208
6d269f7d6a0909efaa86f3736eac2b.jpeg,32336,34467,-6.590178129638802
50d6eab81207a7a2478688295b503b.jpeg,64094,5186,91.90875901020377
ad93fdd8c75a8f0b5834a928ce064b.jpeg,75882,6795,91.04530718747529
8ce7fd1c97d83e4e3f189a56d125d3.jpeg,111170,19656,82.31897094539895
07726f9c585b7603a68bfa22b536e7.jpeg,40144,6621,83.50687524910323
bad674668ac2acfa4d397678b0bf55.jpeg,57701,7206,87.51148160343841
e9bd21329390859590b27ed130d49d.jpeg,75075,5188,93.08957708957709
b00917d77ceeb349ccb9fc69113729.jpeg,681884,7380,98.91770447759443
d2b8cbf8d987b1ae56a3bc02ec0a8f.jpeg,6829,2772,59.408405330209405
29af01a7475e1756f914f7078b17e1.jpeg,14475,5093,64.81519861830742
175b58170313fdc4fa01ce33323818.jpeg,82535,7457,90.96504513236809
8d718ef8267107bc43cfec17c42dff.jpeg,23101,15855,31.366607506168563
5af6cc6207aa2e35e876d323dcec2c.jpeg,19143,20447,-6.811889463511456
ab503b02b521e1342621d896dd4d37.jpeg,84161,7832,90.69402692458503
99aef4d1f46e2a900787d2b86896e7.jpeg,112413,6378,94.32627898908488
fae2535fe62966d86713228aa97259.jpeg,823935,7257,99.11922663802363
bce3bfcb84f97d50a4c4cc6e4b761e.jpeg,120725,10830,91.02919859184097
97c09ebeff39655221437ea324013e.jpeg,145488,7546,94.81331793687453
ba42bec29b3caed7d3bba465fc5b10.jpeg,60310,5442,90.97662079257172
3adf8105b269c0fcf7663d6e674b6b.jpeg,9824,5573,43.271579804560254
cd0bb7b02b7f483763ce138e713e5d.jpeg,34944,7664,78.06776556776556
418eb5f6ef0ca8e5024404645693cf.jpeg,19050,4862,74.47769028871392
262e42217414a83ab1c36fde5c97c9.jpeg,119575,10390,91.31089274513904
391d5e050dda13b3690654a07ec89d.jpeg,289172,7779,97.30990552335635
da2afa9ea74bd32d9c530f6d1e117b.jpeg,156443,5001,96.80330855327499
c5dc6b07ec8b3209547463c2330908.jpeg,12250,3212,73.7795918367347
95aaff22fe040e38b232bf70e36e97.jpeg,12799,2961,76.86538010782093
72f994596f8067bca63078429edb2e.jpeg,20710,5316,74.33124094640272
ac3a20b14ff4a50c0bc6c8899a3db1.jpeg,41678,4089,90.18906857334805
8e4b4b4ba5e2f2f3a2ed933f322a1c.jpeg,39979,15938,60.134070386953155
2649882584d03230d933a2a640fdef.jpeg,59968,9350,84.40835112059766
f9da4a55a13be255ee06537d276cf6.jpeg,106710,6800,93.62758879205323
9f9fc7e9d9961bf702a53e785e3063.jpeg,10714,2725,74.56598842635805
40945e9973a0e2e5aaf0f7843888ab.jpeg,451286,5023,98.88695860274859
6319f6ba6c9bad0a471e42bfaf5156.jpeg,49982,7614,84.76651594574048
a3e9a0674758f9cf7d07b2202f827a.jpeg,21629,8295,61.64871237690138
b6024e690cf3aaac5bcbd7dfb4b16c.jpeg,25682,2701,89.4829063157075
c60029ddb637d0191b51c8e86df84a.jpeg,35069,7282,79.23522199093216
ff5dcf79324ee6561fcdff41de27f2.jpeg,18657,3706,80.13614193064265
d541f6a21bab82486c59b17473ddf6.jpeg,156101,14923,90.4401637401426
9c4f0deb8c346a239350a453583945.jpeg,40369,22096,45.26493101141965
8b3495dfabda23c833a5ce393f3c9d.jpeg,70931,21763,69.31806967334452
451b1568b4678c9f31064585c73670.jpeg,53074,7910,85.09628066473226
a7cc7d7742389c9103a1c4eb2da614.jpeg,344857,4902,98.57854125043134
9a5adc29572a437906c02fc0e755a8.jpeg,59251,9620,83.76398710570285
96f49890a5ec4224fdc275cb95b967.jpeg,14891,4405,70.41837351420321
8753cd586b9075889af88dbe5d1c96.jpeg,37075,7620,79.44706675657451
8b18516a2cd77397f72c7bfd8af335.jpeg,59678,20746,65.23677066925835
11a87c2ba44cac89e9124e6dc63822.jpeg,1065827,9868,99.07414617944563
aae2c1c348b18991cbe7322e8037ba.jpeg,74213,8227,88.91434115316723
b5bcd19f111fbf780403e8a4898779.jpeg,26929,4948,81.62575661925806
603be71f41db32fa9460c58946ebee.jpeg,17323,6207,64.16902384113607
df3d3e8369f289d9a4b7ca9563f359.jpeg,45318,8023,82.29621783838651
471a7d6595daf7a24ccd3865670292.jpeg,27043,3730,86.20715157342012
9e548bf189988872d275f41acab6d8.jpeg,79774,6434,91.93471557148946
90e5c1337d3829af87868af943e503.jpeg,21330,6028,71.73933427097985
828eee4194f0a38ad488484843cd60.jpeg,1777096,5889,99.66861666449083
6e493c6f31195f0cbd9ebc00555a5e.jpeg,108200,31401,70.97874306839186
fbfbef65c4fb8b5a6dc283d622cdad.jpeg,148014,11553,92.19465726215088
24ef153d800f5813980fa4588e66ed.jpeg,25312,6870,72.8587231352718
045eb640a8d17f2af0dcb29983ecc5.jpeg,47987,7296,84.79588221810074
f0c34faec4701b0e8844d170fa3bb5.jpeg,43732,6296,85.60321961035397
d3e9724f4cab02b83742343f1bfac0.jpeg,174887,9715,94.44498447569002
1d9ab6ad74de7a5a2525d2da54a1a0.jpeg,110048,6768,93.84995638266938
931eb18cdcf1304eb6c2427b68661b.jpeg,84299,8414,90.0188614337062
4e90aa6949c20ca5e444508832ec01.jpeg,42593,32448,23.818467823351252
5398b64978b613952a7fa022750187.jpeg,38349,6832,82.18467235129991
388cbd7941bd11df80192dd643af40.jpeg,75289,6881,90.8605506780539
656404965f72b35e9c4451841b1118.jpeg,32265,8458,73.78583604525026
a757921f72ba6def581e7ea51f04a4.jpeg,23632,5410,77.10731211916047
a971832ca2f318b58d83adf65254bc.jpeg,53693,5298,90.13279198405752
7aaf4b3343fe9311d185b733cb409a.jpeg,14978,6196,58.63266123648017
29072820c57217cbaef5b63a6cd362.jpeg,229758,4419,98.07667197660147
8f0fe40145663ab599dd388fae8e02.jpeg,519570,29871,94.25082279577343
fff8d35efd7c44554ba70eece7490f.jpeg,7860,3027,61.48854961832061
81a0729097a91139e1c0adb634220f.jpeg,232520,5289,97.7253569585412
ded9a2422d9c9ce830585f6798c82f.jpeg,45455,12808,71.82268177318227
588e2f735569f976ceee78e05dfb75.jpeg,16872,6049,64.14770033191087
90993e02f2606216b919bd6d1fd8a1.jpeg,97587,4901,94.97781466793734
75beaf6c749a25bd74bc3ab8088dc2.jpeg,130613,7087,94.57404699379082
7fcdaeb5120f7a88f2534503ff7f20.jpeg,7645,8388,-9.718770438194891
516908c3efa33031bd6ec75f4d1ed6.jpeg,404342,5931,98.53317241345198
e02e3e6c4c0b1b4bb5d0549d629ead.jpeg,22290,7436,66.6397487662629
7775468466b69e427e2e2152c76b0d.jpeg,1206987,5335,99.55799026832932
974fdb23c3e5b2880c60d386db6552.jpeg,33051,7446,77.47118090224198
f3364f33a529c9a1d19d7807108e7a.jpeg,35932,5141,85.69241901369253
a19a5644bedd16478d12761e18a009.jpeg,215274,10643,95.05606808067859
f1594317e18aaf4d0150e91dedd1de.jpeg,55241,8514,84.58753462102425
43f14115fdf08c183d6571979819af.jpeg,47978,7186,85.0223018883655
a6538f06fe74566fa6a5d78c81bf1d.jpeg,45793,6948,84.82737536304676
5a8e46ce9f55416477fd7ef796e6cd.jpeg,14392,12348,14.2023346303502
ab5f8ce2a8d0711d44affeb5b5aeba.jpeg,84174,8073,90.40915246988381
88e74249c747612226f52531617d34.jpeg,18048,5885,67.39250886524823
38ae3fb89db7dec3315623b624894f.jpeg,173044,4215,97.56420332401008
f6dfa7332a9154f535535dcd225e21.jpeg,25057,8809,64.84415532585705
2471db4738e0499cd266cd143fc976.jpeg,41450,7355,82.25572979493366
4397fc48b5022427f670c05dfd9df8.jpeg,9296,2576,72.28915662650603
292d976fbb5e1faee9d37293644e30.jpeg,25415,7654,69.88392681487309
26ec9814c0e5f6ab42e6126fe8d4ee.jpeg,150918,12030,92.02878384288157
99d99552ee21d610d12004cc4220a3.jpeg,31940,7491,76.5466499686913
5376379028749884e1a127e09b2015.jpeg,275932,7465,97.29462331299015
70ab8feb93395e6880e30620cccefc.jpeg,85122,5849,93.12868588613989
e84ff5e3a69ae04e8b82fa250a1d8b.jpeg,66717,8609,87.09624233703553
aab02baf6bed9e0e7c48905b918bab.jpeg,23267,4676,79.90286672110715
330bf2a10fe18b13739cbbf08f3682.jpeg,90178,5945,93.40748297810995
07825f89a3a1a8efbf6495e62f4f50.jpeg,157970,8666,94.51414825599798
645036a507011e4e9b596996c49d3f.jpeg,41464,7497,81.91925525757283
6560dc957ee6c0de412123321703a2.jpeg,37935,10636,71.96256754975616
103927349827900cf32a048e6b5585.jpeg,29947,5928,80.20502888436238
44ff514a69cfd5bf9b63d8d8d2ed80.jpeg,163695,5800,96.45682519319466
69e2ac1ed30ed520a24e1b54a50e0c.jpeg,59654,7238,87.86669795822577
24564f0fd81d45dc388e2d9dc78236.jpeg,80359,7694,90.42546572256997
a9300ca3ab6240d0d77a361ec37af0.jpeg,116193,10477,90.98310569483532
a4f5d87f0284e81ced87fe71933c7f.jpeg,123405,5968,95.16389125238037
cfe463404c0012db114e043c906b84.jpeg,68063,5003,92.64945712060884
14c9e1054af5dc1537d63773064809.jpeg,45405,3213,92.9236868186323
e5d94d6937d6f9cc259fe6be603add.jpeg,41097,7225,82.41964133635058
656b5d7635703db993b39cb988dacc.jpeg,114652,10419,90.91250043610229
ced6e2eb58f156d9d09539f2005857.jpeg,23614,3721,84.24239857711527
077b4825aac3f4c14c336f6fb75698.jpeg,33146,6772,79.56917878477041
348703dfeba2783840df77f050f1e2.jpeg,14629,4058,72.26057830337002
a02acc3e8f8e8d1b83fa7b277de25e.jpeg,22573,6583,70.83684047313162
d4a4aa47184e35a51d995f54f9c943.jpeg,15343,3213,79.05885420061266
f333ca9156507a98cded0df59c23c7.jpeg,18845,4208,77.67046962058902
f604e3aaf8066ef11ac130d0df0618.jpeg,94127,6980,92.58448691661266
18153b15468106d894bdec14d2b9a6.jpeg,462065,10150,97.80333935701687
a7a765a8231d949c38bb77716d31e7.jpeg,78906,5698,92.7787493980179
c6b6ea6012e5825b4844e3bc209508.jpeg,23618,4965,78.9778982132272
42a4d57677acaeb1d1fe1bc1ceb37a.jpeg,13065,4154,68.2051282051282
5680d903fc5e7e71c95cf3a933c61d.jpeg,26553,4388,83.4745603133356
35558c6e7d183af2f1a49d9463e1e2.jpeg,39345,6825,82.65345024780785
8f04bca7de832265b7d75772897f8e.jpeg,12677,12689,-0.09465961978385451
9f00350ebe27cbc5fbf328666a6dba.jpeg,38254,4954,87.04972029068855
769745d272928eb4985f33e1b9ffd2.jpeg,28940,3138,89.15687629578439
9f1d6ed79f7815e987d804e025a195.jpeg,61833,8081,86.9309268513577
7ce487b37abbc3f42d41d152af31d0.jpeg,20134,14754,26.720969504321047
d0fae43e434c3f2d638c7dde236da4.jpeg,50814,8611,83.05388278820797
c92108152d83de8ce891e92d0247ec.jpeg,92380,5786,93.73673955401603
24859f9d5415e4a34f8b02bb8a209f.jpeg,66653,3696,94.45486324696563
29edf12495da9563dcec6775e18f9f.jpeg,58977,10110,82.85772419756854
b7c272847f8d10c605bf4bed65f44c.jpeg,69760,9480,86.41055045871559
a83114fe42cc727399b3152edb63a8.jpeg,45185,5785,87.19707867655195
89a04f914696d4f5d427a51c7e4b8b.jpeg,56016,7427,86.74128820337046
115e8885890dc7d3c0d52e77741886.jpeg,323977,7952,97.545504773487
6934f3cefbae808ec3b452f9d1d6d2.jpeg,53348,2938,94.4927644897653
a94c585f5c62a4e16eed33ddaa35d4.jpeg,20059,5088,74.63482725958423
344a09b3705a260e782fd3d26da93f.jpeg,13983,5065,63.77744403919044
48a4ac8e0e2458b49d01b7252c0119.jpeg,8259,4861,41.14299552003875
1792d59f6eed235f53f3b564ae902d.jpeg,49586,6595,86.69987496470777
94a9451e627705a2238f994652602d.jpeg,11538,5076,56.00624024960999
a0021f532d635541895e6b0716bae5.jpeg,19476,5727,70.59457794208257
f761c1fcfe33ddb5a4632dcedb4f5f.jpeg,29646,4502,84.81414018754639
c6894c0cd03223295096d03d1d2fa3.jpeg,39150,7605,80.57471264367815
5bb3c87c70b6290e225e23907ec378.jpeg,87623,24747,71.75741529050592
37ec3f720f75e212cc7e126adee980.jpeg,60727,6382,89.49067136529057
4ca7254812486766e5f1caae8e472b.jpg,24707,24707,0.0
49c27261687a1382c4359bdde8ccdd.jpeg,17838,8120,54.47920170422693
b76bb567b4bb3eea8a3c786de79b7d.jpeg,183613,5788,96.84771775418952
f88387a67957a8515dc1aeb2cd9b2f.jpeg,131523,8813,93.29927084996541
a9f796e9dbec0fae48319bb67c0b9f.jpeg,33343,6191,81.43238460846355
6b210846daa69d287865f0603d51f9.jpeg,198019,25502,87.12143784182325
a8987d0d995f943cebd658e86e44e4.jpeg,32674,6591,79.82799779641306
7720c9de5dbc9bdd236d44955d5c18.jpeg,14210,2736,80.74595355383532
edb294f5b2052d562c4e885f7c0eab.jpeg,44228,7836,82.2827168309668
5c0b284815c8f7c0072212cc138184.jpeg,70489,12956,81.61982720708195
07b03e3a4a56493a6335bead913695.jpeg,85755,32986,61.534604396245115
ce211b0a21caca2afc592109c0e510.jpeg,25228,7191,71.49595687331536
d6244168b2aed2c95f7494f277edab.jpeg,11951,3478,70.89783281733746
f8d1d460214baa724ce39a8f698966.jpeg,76153,8291,89.11270731290954
9c982e98353ebfdc11120436f2437d.jpeg,434934,5590,98.71474752491183
01600acaae0843dd88c84cd47170a2.jpeg,108168,6328,94.14984098809259
4f428570a3969e6a85595b15890a04.jpeg,47749,9953,79.15558441014471
802c9eb3153baeca2e05f376dda675.jpeg,142033,12816,90.97674484098765
bdce2dee7592a2379e2878bdf59b4a.jpeg,25145,4404,82.48558361503281
07349120a5beaf00f1c72f1ddac3f1.jpeg,34724,6824,80.34788618822716
8dd309ab1d46ebc409f02b68dc90c2.jpeg,5266,7633,-44.94872768704899
cc1730a10fd4752c1dc113d8b4cdfd.jpeg,162930,3595,97.79353096421777
96f13ad04629107a20e9e70e15d603.jpeg,93985,3841,95.91317763472894
25441d303895c085846177723bdbd1.jpeg,31426,5596,82.19308852542481
6c15357bf272673ddb317f32c4d136.jpeg,50579,9678,80.86557662270903
9b91232e925fdd3a3566ae2d4131a2.jpeg,15366,14966,2.6031498112716434
5042c1540bfb0de5a699f80c998b3a.jpeg,84492,9959,88.21308526251006
3c37f78aa1e77e298bc17c0857ccb7.jpeg,479851,7404,98.4570210336125
8d65fa76ff798f96b1d4eb06dee796.jpeg,155972,7383,95.26645808221988
e5466ef22d90d65006a4a7aa7c5955.jpeg,126925,6836,94.61414220996652
0e1390395223b701cc14149d1a19dc.jpeg,43190,4605,89.33780967816625
306ec53d0ce8550fb8935e97a0597d.jpeg,53184,5980,88.75601684717208
8baef5ca2a7e2467c1ca501a6dce44.jpeg,8499,8203,3.4827626779621146
bb8612153fa6dc690d15b2ff3abe9b.jpeg,52273,7249,86.13242017867732
511c06dda6f02eb95492e5c14b3d45.jpeg,31983,8621,73.04505518556734
91c356a3b20b4478c178a8c2b132f6.jpeg,858188,9276,98.91911795550625
d4130426527c5b30f03cc6b8d3444e.jpeg,108720,5005,95.39643119941134
b722936a08333a8ad7243167ac7956.jpeg,172541,7749,95.50889353834741
ed5e23d58ff42568caab21ebd4e704.jpeg,72607,8380,88.45841310066523
d5338f7a810adc3f9db6830b2dc2bb.jpeg,99388,4122,95.85261802229645
da686c40cce28fa942fea356f56a9a.jpeg,131194,7487,94.29318413951857
9d7ac5baeb2ff88edcc81b6c37468c.jpeg,14854,15154,-2.0196580045778845
5fa116ac0118362c169105048e0f7a.jpeg,11282,6981,38.12267328487857
9eaa34ac2edf68db3db4b493a9bba2.jpeg,100703,6812,93.2355540549934
dcb78b19214985961c0cc9b60ff1a6.jpeg,192614,9613,95.00918936318232
ec5114f967d9e1e9705ceec5e3f068.jpeg,1247010,6585,99.47193687300022
04c59ae6f199078a67f30e244e8b2f.jpeg,65239,9365,85.64508959364797
9c65a1428a3277586959168e9f0e22.jpeg,5595,7292,-30.330652368185884
f4ed99c41096654d0466de86df4758.jpeg,17188,5564,67.62857807772863
c51ce28906f7633b7fceeebedf8ea9.jpeg,211980,8662,95.9137654495707
6271771200cf169a0c9d3a59490075.jpeg,185103,8399,95.46252626915826
974a7810f5fdf80d50f6152fd7b16c.jpeg,116859,12038,89.69869671997877
cd387de1d5c07110e652f304615fcf.jpeg,526530,8593,98.36799422634988
fff055723f07e34efd2a049408aa3d.jpeg,170903,8188,95.20897819230791
bb9a33757eca10ebf1484dc0f32f44.jpeg,22498,6454,71.31300560049783
dbeaf991060845ac7c9f089f734be1.jpeg,12898,4145,67.86323461001706
241b45e45d118cf2b4caa4e0321ae5.jpeg,71863,2716,96.2205863935544
900973b371f2ad04bf19c025595582.jpeg,63581,7204,88.66957109828408
22cbf60d6cafb29e5700e3d00311e1.jpeg,34757,4190,87.94487441378716
b2269695bd6608b9a2f15a482d2a85.jpeg,91683,7496,91.82400226868667
894fb4bbad138daa8cc80521db010e.jpeg,52513,6477,87.66591129815474
b0100bd744c7c72ac009bb448371a6.jpeg,251706,7446,97.04178684655909
2e33306cb5f5536528c76748d28145.jpeg,51587,7596,85.2753600713358
b7816bcf1782d72567b2a8e0056d1d.jpeg,31832,6219,80.46305604423222
32db8449014572b6325c1cb55bd579.jpeg,52274,5792,88.91992194972644
99937ffe0af985fa4d388c884f8b8a.jpeg,25981,7087,72.72237404256957
0ee543ace0419767db4734e4741ad7.jpeg,14226,6006,57.78152678194854
dd9cbb23ce6a17110fbf27f3f3ac10.jpeg,72462,9875,86.37216748088653
cd5eeaa07160e4303e6008591f6b3c.jpeg,20804,6565,68.44356854451067
db4bf84a6359e57c63ba01d110757e.jpeg,25129,4986,80.15838274503562
5146ad32128a4ca0129197dc9cc1e7.jpeg,45429,5956,86.88943186070571
9bdc58e038478daf6ac269e676f4df.jpeg,73979,4804,93.50626529150165
36bcf3ab7b1637fa1a29659b9118fc.jpeg,23959,2752,88.51371092282649
91f1b2830af7032d50970558037077.jpeg,93839,5940,93.67000927119854
25528200ad82b77e8c8fc8569b7193.jpeg,79141,4869,93.84768956672268
e271e751c8cfa3cc0bf827e192d317.jpeg,94385,9329,90.11601419717115
da1f46fc6b3970898468323b67f385.jpeg,10499,3803,63.777502619297074
ffe35fbc55b39129d9d72b01d0dd47.jpeg,77089,2996,96.11358300146584
2096fee83867385989acb3375d7147.jpeg,30350,5145,83.0477759472817
d03bd54aea8c61d9b24cbb079187f5.jpeg,46726,7313,84.34918460814109
65b8678db18e69ac6cd91f52f427b2.jpeg,22357,5124,77.08100371248379
5938a45d4228c92bc3f682e8fd7a07.jpeg,40960,7080,82.71484375
be259811cd82eaea50f4af6a9db1e8.jpeg,24528,5390,78.02511415525115
d2dfa3b63c39e45905b6e21a6fa57b.jpeg,14400,4814,66.56944444444444
cf106fba70cbbfa1508af2873b2f98.jpeg,15399,4340,71.81635171115008
5de014586254f3e29cc7b76fee1e15.jpeg,1315537,26515,97.98447326072926
629e87d5a019035323babf1559156e.jpeg,33906,5368,84.16799386539256
f98143df03d7ed7401293d512f57ce.jpeg,8154,1927,76.3674270296787
636244ecad58e8afddbcac416f9e5d.jpeg,243560,4348,98.21481359829201
507ddbbdcf7048a61bc664aca159eb.jpeg,57555,3241,94.36886456432977
70c93d937d957bda2c26f8fb78e096.jpeg,40045,7240,81.92033961792983
d73ea572d5f537a3fcf2996f8815e2.jpeg,45838,4278,90.6671320738252
557c4ff014eacb0f8c04ceb1ed52af.jpeg,107654,9487,91.1875081278912
edc0106808adf870d3cc78c02e970d.jpeg,54901,3289,94.00921658986175
17a8469880a5327a2a7cae06be7eae.jpeg,115402,6329,94.51569296892602
c9c5d751764611b35b1c9b95cee15e.jpeg,22247,5842,73.74027958825909
b44059672df29c9153ae73c153edb0.jpeg,62367,5964,90.43725046899803
c25ca7844fd5a5c1811b0c5168021a.jpeg,31481,4145,86.83332803913471
aecd03100a610c64e48c160ec4de29.jpeg,31299,5781,81.52976133422794
809a8eafc9ad1239673db883fcb2be.jpeg,13759,3031,77.97078276037503
fb3e440cc0e257b74009b768a217bf.jpeg,143296,8163,94.30339995533721
6bea206176010e68ec549ab84ee38b.jpeg,27323,19253,29.535556124876482
89b06b30cc92e9f6f88712a4962a29.jpeg,13899,4642,66.6019138067487
f611cab68de86704f11c86fc9b4532.jpeg,170473,8366,95.09247798771653
7382dac08cc9f55775e4ae5f7e4696.jpeg,80960,6309,92.2072628458498
76d791f1bc292c77c31c908615854c.jpeg,7484,2057,72.51469802244789
342c075ba2ea338eb7d870bd265636.jpeg,7158,2898,59.51383067896061
9d9512fe882a426aeea8bb90e080d4.jpeg,19625,6575,66.49681528662421
e5c4aad9bfd02b4f3a717d32d7ae3d.jpeg,17485,2010,88.50443237060337
ed65d012ec82fa14a3f4e193800037.jpeg,14028,5708,59.30995152552039
540a4b3a7cc1f2abd3f6c9b768c4e0.jpeg,97231,6288,93.53292674147134
3824c4301a5eeff99fc2a5bf3ce8d4.jpeg,47270,6678,85.87264649883647
cab3f700f540ba387efe1d0832ca2c.jpeg,272860,15285,94.39822619658433
e80e7f1280239ff6862d6b4ffb3061.jpeg,61638,4841,92.14607871767416
394e82edbde3a055e6cc3d75a0b933.jpeg,5934,2577,56.57229524772498
4b791ffcbc76dd47e0da84b5d61b6f.jpeg,38181,5927,84.47657211702155
34a801f94d0910696fa78f2ec51fc8.jpeg,172598,6668,96.13668756300768
61cfa951d1edd180b1a0c9dc045108.jpeg,400202,7368,98.15892974048106
84e15d38513514d232cdc83ce4ad13.jpeg,152846,7132,95.33386545935124
5f586bf91f58a8a9ee3645f01d0a20.jpeg,103920,16243,84.36970746728252
9f0dab68642eb0619909059f4097c8.jpeg,8151,2514,69.15715863084284
a5936d7f1b50d4be409ae4c608295f.jpeg,45097,7194,84.04771936048961
ecae386d71bdf1c2981ff3f4c9649e.jpeg,147172,5402,96.32946484385617
94aa3b6b913d1ccb97cdd408544b16.jpeg,213446,9586,95.50893434404955
255cc628ce2a444c3aa84862d924c4.jpeg,30036,4309,85.65388200825677
7c6c8400fbea4b9b5066ebbe35399e.jpeg,43715,11255,74.2536886652179
b6c29bbaf1f4fd178745bc1513d78e.jpeg,51740,5133,90.07924236567453
1556f3e5d9a98bb27924ab29a9db41.jpeg,29310,7055,75.9297168201979
e4c8eca61d9e9c30b4f1cb62ff3145.jpeg,125370,6284,94.98763659567679
0caa9c291d2513a7a65a0823dbdfb9.jpeg,91729,4465,95.1324008764949
0315d23e05d669ff92cee364544c62.jpeg,101955,12722,87.52194595654946
008075a459a0a20629fdcc704d2def.jpeg,46760,5903,87.3759623609923
9229b65415dc66a15171543b0a9826.jpeg,84472,7033,91.6741642200966
a8af2af5f7b457369c9dab5d8cd31b.jpeg,84693,4901,94.21321714899696
92bb5e15f2e378a2117a63b323aa66.jpeg,23037,3780,83.59161349134003
6558819326003c8de45a79dd6d8f9f.jpeg,41229,8307,79.85156079458633
6e6000bfba49ce8ac4e235e7b7086d.jpeg,50181,7772,84.51206631992189
0b768a0623447e2bd4fef5c5852845.jpeg,146615,7718,94.73587286430447
93a02935ebe2b6b60d37ee1c55653b.jpeg,50799,12890,74.62548475363688
407ff29e4a8e32430a03e9dc6f193b.jpeg,59155,9234,84.39016144028399
c233ae7542547d3491ae3cce8d6408.jpeg,6881,3143,54.323499491353
7543526e2568943c0fba2a29a7f4b7.jpeg,106721,8232,92.2864291001771
26008bbbbe5670344a0cf9d54e3670.jpeg,10153,3705,63.50832266325224
388aa76d8f5cbe7d4accde8f4f35aa.jpeg,35705,8361,76.58311160901835
cb240ee79e37dcb2a031f5d48cf2b9.jpeg,89538,5482,93.8774598494494
86096f88f41fb391f7a1946ff33a78.jpeg,80782,5821,92.79418682379739
c225b2bb8d44d9ded831994930c5fa.jpeg,41335,3433,91.6946897302528
ff6a2e5e136524fa3a9ded13046a1a.jpeg,63156,18784,70.25777439989866
787e17e4a82415fa903eefde5eac0e.jpeg,210749,4771,97.73616956664088
43fe1bc188dc887f1935801996f906.jpeg,26772,6862,74.36874346331989
597bae8e2659bfa2fba2a705cdffb7.jpeg,56319,11513,79.55752055256663
56bdc85847f83ca5caf2485ecf932c.jpeg,161555,15108,90.64838599857634
cc0cf6b2716f6f4f56ebfdfa6d897b.jpeg,82843,7753,90.64133360694325
cee6f6b7053cc47eec2d59c0447730.jpeg,7905,2111,73.29538266919671
f29207320134f065e0defb7cccee32.jpeg,97233,4607,95.26189668116791
b794c09d3184ec8cdde9c682ee8be5.jpeg,91462,6124,93.30432310686405
cf39c284046e2e935205bf1d3613e9.jpeg,71541,6842,90.43625333724718
d861a4982fa4ac5da050c7aa79b06e.jpeg,24777,5888,76.2360253460871
3e636f9106e257d5321d4e574c7bd2.jpeg,732123,6402,99.12555677119829
7d368ffc6c57f866d8126c1364248e.jpeg,22206,7785,64.94190759254256
a2b16e5c11ba0e65e7694cf0cec958.jpeg,79669,6741,91.53874154313472
8add974316bac01a2be36a3cb9c30e.jpeg,22242,8601,61.329916374426766
a0cedc39d526642a18394deea35151.jpeg,52697,11342,78.47695314723798
186b185f49b030bcd416d46751db57.jpeg,50699,10416,79.4552160792126
240b73a7a96103782c33b0436bfd92.jpeg,30814,4651,84.90621146232232
556a1d3ea18edf53af3218d2955766.jpeg,63615,4103,93.55026330268018
767f0184d88aadb90c608a45d5f10f.jpeg,158868,7840,95.06508547976938
86620cac288138e9b03cc6954d625f.jpeg,700794,8903,98.72958387200804
f2b1fc3baf39e03ef6def1e32f79e3.jpeg,270941,6270,97.6858430433194
5ffc8304415f6f9087b431ecc965b8.jpeg,33283,6082,81.7264068743803
49d21ff83a3b6176a29ef60ffa81b2.jpeg,178407,8032,95.49793449808584
5fce3f8723e7140bf48de21f2861fc.jpeg,13607,5284,61.16704637319027
9b0a58c02ab293425eae47c39b3386.jpeg,185832,7065,96.19817900038746
2b3397c560d050a119c385daa57555.jpeg,17920,8579,52.12611607142856
c2c560b9eb238fecda3752c8184ae0.jpeg,70084,5708,91.85548770047372
d162c4771687d582d94eabd0258ea4.jpeg,37815,5361,85.82308607695359
1dd41089386fd53f5b949d64c73aac.jpeg,12449,5047,59.458591051490075
377b8e59c762fd46530b9ddee5e101.jpeg,283670,7392,97.39415518031515
21879b6c668e162c9c672711479970.jpeg,23282,3942,83.06846490851302
49d9653b78d8e4329dfae35fa893cb.jpeg,81851,10373,87.32697218115845
8d06a6811b9ce1f53e271621fd0a0b.jpeg,195573,7226,96.30521595516764
7f454ab06a8acfca8408f1f3aeb874.jpeg,13812,4928,64.32088039386042
f9753ba9e907cbfecc75b43ff49b0d.jpeg,338117,7559,97.76438333476281
68a61d124bd82ad578247e5cc75ad8.jpeg,86209,9411,89.08350636244475
d5b271245efc19b8fd95257abfadd6.jpeg,104332,8687,91.67369551048576
b23f379569457a01c945441403255f.jpeg,63890,8083,87.3485678509939
ba021ab3e859e20d3363cba30bf0ba.jpeg,56548,5414,90.42583292070454
3cf2fbb05c4985e8bea41f3296dc33.jpeg,27944,6193,77.83781849413111
e35e2726f3f2ac440e3021e9b73bca.jpeg,10989,3995,63.64546364546364
10f6f22347c301aa8d8d45fefa6e70.jpeg,25658,8532,66.74721334476577
1d3320be986aff961373411b5a314e.jpeg,65430,9633,85.27739569005044
b6fc6c9d660894bb3f408cc35db338.jpeg,14809,3120,78.93173070430144
cce069c9b0f003db3e6e13a996647c.jpeg,11040,3976,63.98550724637681
f43d0120a3fe4fc1f476c08abdb01c.jpeg,55155,5858,89.37902275405675
b18ee955949f8b490c6b7df9ea75c6.jpeg,28120,7977,71.63229018492177
01783228211630f4beb2a2f5125bff.jpeg,28679,10139,64.64660553017887
b360b6be412460c26234790949e179.jpeg,140157,4488,96.79787666688071
85fb2fc36e74b75a051aed36514cf0.jpeg,6478,2198,66.06977462179685
8d55a58dc225cf269fa9ad00420a24.jpeg,9321,2356,74.72374208775882
b3c3f69189800b947a165d2c78555f.jpeg,101810,5335,94.75984677340143
95962da529ef90d9c94b4e74d54891.jpeg,42399,5760,86.41477393334749
65fd70db0a6a989541c8911cc2cbaf.jpeg,141947,7860,94.46272200187393
63612bb06dea15602741d8bab9805a.jpeg,82744,8452,89.78536208063424
6d36fdb2b388521e2a489f4c2ed0d2.jpeg,184279,6033,96.72615979031795
3a62ecf80cb922831475f3af1f3b00.jpeg,64867,7106,89.04527725962353
fc308f998c6f8dc636988e267c74af.jpeg,43531,11321,73.99324619236866
c3f2e61e1b019d5fe2a667d3ae2102.jpeg,65989,7107,89.23002318568246
5f0109ac2e2875ea907866d6492464.jpeg,92183,16500,82.1008211926277
133abcd4772253865ec0315fc936a4.jpeg,107074,5791,94.59159086239424
7902ae06a04e0a1ff01116702710ed.jpeg,95952,7169,92.528555944639
6768d390c744f33e3d75db06931e32.jpeg,38373,8352,78.23469627081542
30feedc40858b46235b7d6fa26302e.jpeg,26910,4141,84.611668524712
9be8472a74ce2507d18418701e6cbb.jpeg,15000,4095,72.7
980acca458c1361fea2486c78b9bc6.jpeg,36179,9533,73.65046021172503
ea54742e7daeb11e5ca867d239f753.jpeg,21867,4428,79.75030868431884
04c0af946cbbefc15dbeb47ea0e21c.jpeg,73512,5402,92.65153988464469
e297e28540e8c548cc181b7f5e174d.jpeg,26158,7898,69.80656013456687
51f2f931ff9a67ec309ff87fa6507c.jpeg,121856,6638,94.55258665966386
29e6306d4d9ecdbdc3d5ec8a94e9d7.jpeg,11127,3740,66.38806506695425
cedcd918f8778a686c2776c4e8fbd3.jpeg,55446,6590,88.11456191609854
b0f49714b31c00c554ee73dfa57ca1.jpeg,116125,8030,93.08503767491926
fe68e4dc367c0a186a585c56176ca9.jpeg,202046,6378,96.84329311146966
9ce901cd93e15d46285acc32f9cbbf.jpeg,242750,4602,98.10422245108136
5a2dba58273aece3a6bc34ca6ea292.jpeg,191613,6860,96.41986712801324
4b5af8b1e7e14e3af75949043dc29d.jpeg,273412,15867,94.19667022661771
d059bd50ffa63f67b192d893e03c0d.jpeg,105016,4475,95.73874457225565
b5e04e1b54d35a8c7d20f1412a1623.jpeg,20752,7101,65.78161141094834
09c9dcb9398747b71f73c52ca25fe3.jpeg,7781,3337,57.1134815576404
11e8ceb0e3bb24f293228f657d082c.jpeg,29056,7415,74.48031387665198
ae89da80793cbe5d7d863c5245d722.jpeg,39932,7473,81.28568566563158
0448cb2179caf4c5f5c39d16b94359.jpeg,40341,9849,75.58563248308172
dea9e56fc0dfdd15d335373e6560ad.jpeg,91879,10137,88.96701096006706
9bbac2cdad383f0772f03277f07537.jpeg,24940,6225,75.04009623095429
99057f35ae4d89fd4ce0b20b435ee0.jpeg,75384,12574,83.3200679189218
b91b5938813ede7428425f066c8829.jpeg,26296,8812,66.48919987830848
fc3ef6b06ee1e0b204a82be8fbbb14.jpeg,90925,9766,89.25927962606544
504e52cc5ed3f66cbbdb8685315dd3.jpeg,11918,6316,47.00453096157074
9c5ed5ffbe6ecce0e1b5ceaf5bd0a3.jpeg,105001,5909,94.3724345482424
ddd1d3b69137ca60dbc7f1fd30569b.jpeg,6226,2604,58.17539351108256
b331069da3dc85173154ffb8d5ba14.jpeg,21888,5286,75.84978070175438
84f567afc3074a8eaacc7b85c0a1f0.jpeg,35377,3947,88.84303360940724
e2447120276c4e93f311f7777d55e7.jpeg,30688,3377,88.99569864442127
8e923e4f00e5f99561686ea6571e48.jpeg,54585,6209,88.62508015022442
d2c5110cd224fcbb72e113bf0b7d71.jpeg,45992,5210,88.67194294659942
71c2f78d44a93e19e76b0091a25ab7.jpeg,72766,5720,92.13918588351703
eb4796e656cf233dc48cf40f112fb4.jpeg,766252,7218,99.05801224662383
e8c3389e25d8acedff9ed066caf8ac.jpeg,89470,8034,91.02045378339108
40c148e566855c758366efa585da5c.jpeg,32551,5082,84.3875764185432
9eb51a289f1d665a07de1463d09bdf.jpeg,23932,5726,76.07387598194886
6423b4816c7d17f36171f2155d916d.jpeg,38924,7176,81.5640735792827
70ead4005f3edf2dae03f7ec7d1817.jpeg,73168,5002,93.16367811064946
b9800f8c08d4b737a8c7a415a2693f.jpeg,263208,6031,97.70865627184584
409909da84d7740f6f37445ddcd3ef.jpeg,51095,7349,85.61698796359723
057989953a64ca987f3b1f6d67ba4f.jpeg,10862,4914,54.759712760081015
fd087f8df09bfb3c6406bce9ea6774.jpeg,77088,7190,90.67299709422997
cb1b1b4636dd9a2ab68b28bb2671a7.jpeg,54621,5877,89.2404020431702
56a5a694f324ef4e2b62113c9bc776.jpeg,14858,6011,59.543680172297755
bb6bd51544345cb09538c5c1456d30.jpeg,96024,6062,93.68699491793718
d30250726cc24e1556503fe0025bdb.jpeg,16850,5933,64.7893175074184
d1f4a0653cee4891fb91994de3f42c.jpeg,92134,3217,96.50834653873706
1389429f8948fa254d1d00f982070b.jpeg,44704,6034,86.50232641374373
e14eb92c37b92d2669be360f787de9.jpeg,73920,2182,97.04816017316017
d793fa8fd349397a691055da69a0a7.jpeg,102832,5935,94.22845028784815
